review,sentiment
This is a must-watch film. The acting is top-notch and the plot is engaging throughout. Would watch again.,positive
The chemistry between the lead actors was electric. A thoroughly enjoyable film. A true classic.,positive
I wanted to leave the cinema halfway through. This film was a massive disappointment.,negative
The worst movie I have seen this year. Poorly written with terrible performances throughout. Truly awful.,negative
This movie had so much potential but wasted it completely. Deeply disappointing result. Skip this one.,negative
I wanted to leave the cinema halfway through. This film was a massive disappointment.,negative
"Complete trash. The script was lazy, the acting was poor, and the ending was infuriating.",negative
A truly exceptional film. The direction is impeccable and the story is deeply moving.,positive
One of the most boring films ever made. Nothing happens and there is no reason to care. Truly awful.,negative
The movie was perfectly paced with excellent performances and a compelling narrative.,positive
I regret watching this. Two hours of confused storytelling and mediocre performances. Complete waste of money.,negative
Terrible script with laughably bad dialogue. The actors seemed embarrassed to say their lines.,negative
The plot was ridiculous and the characters made no sense. I could not connect with anyone.,negative
One of the most boring films ever made. Nothing happens and there is no reason to care. Avoid at all costs.,negative
Exceptional filmmaking at its finest. A story that will stay with you long after watching. Great film overall.,positive
The best movie of the year without a doubt. Everything about it was perfect. Would watch again.,positive
"What a wonderful film! Heartfelt, funny, and genuinely moving. I cried at the end.",positive
I regret watching this. Two hours of confused storytelling and mediocre performances.,negative
"The special effects looked cheap, the story was weak, and the acting was unconvincing. Avoid at all costs.",negative
"Terrible movie. Bad acting, bad writing, and a complete lack of direction or purpose. Truly awful.",negative
"An absolute joy to watch. The film is funny, touching, and brilliantly acted. Great film overall.",positive
"Poor direction, worse acting, and a storyline that made absolutely no sense whatsoever. Complete waste of money.",negative
"An absolute joy to watch. The film is funny, touching, and brilliantly acted. Great film overall.",positive
One of the worst films I have ever had the misfortune of watching. Boring and poorly made. Truly awful.,negative
Incredible performances by the entire cast. The story was gripping and emotional. A true classic.,positive
Brilliant storytelling with great performances. The movie kept me on the edge of my seat the whole time.,positive
One of the best films I have ever seen. The cinematography was breathtaking and the characters were so well developed. Perfect entertainment.,positive
Exceptional filmmaking at its finest. A story that will stay with you long after watching. Would watch again.,positive
Fantastic movie with a great story and wonderful characters that you really care about.,positive
The chemistry between the lead actors was electric. A thoroughly enjoyable film. Perfect entertainment.,positive
Simply amazing. This movie exceeded all my expectations and left me wanting more.,positive
This film was an absolute chore to sit through. Boring from beginning to end.,negative
I wanted to leave the cinema halfway through. This film was a massive disappointment. Do not bother watching.,negative
"Complete trash. The script was lazy, the acting was poor, and the ending was infuriating. Skip this one.",negative
"A feel-good movie that delivers on every level. Funny, sweet, and genuinely entertaining. Highly recommended!",positive
I was completely captivated from the opening scene to the final credits. Truly brilliant. A true classic.,positive
A disaster from start to finish. Nothing about this film worked at any level. Truly awful.,negative
Absolutely dreadful. The story was incoherent and the characters were completely unlikeable. Avoid at all costs.,negative
This is a must-watch film. The acting is top-notch and the plot is engaging throughout.,positive
"Dull, slow, and painfully uninteresting. I fell asleep twice during this movie. Truly awful.",negative
One of the best films I have ever seen. The cinematography was breathtaking and the characters were so well developed. Would watch again.,positive
Superb acting and a fantastic script make this one of the year's best films.,positive
This film was an absolute chore to sit through. Boring from beginning to end.,negative
This is a must-watch film. The acting is top-notch and the plot is engaging throughout. Would watch again.,positive
Brilliant storytelling with great performances. The movie kept me on the edge of my seat the whole time.,positive
One of the worst films I have ever had the misfortune of watching. Boring and poorly made. Skip this one.,negative
"What a wonderful film! Heartfelt, funny, and genuinely moving. I cried at the end.",positive
"A complete mess of a movie. Incoherent plot, flat characters, and a truly awful ending.",negative
"Dull, slow, and painfully uninteresting. I fell asleep twice during this movie. Skip this one.",negative
I cannot believe how bad this film was. Two hours of my life I will never get back. Complete waste of money.,negative
"A complete mess of a movie. Incoherent plot, flat characters, and a truly awful ending.",negative
A masterpiece of modern cinema. The director did an incredible job bringing the story to life.,positive
The worst movie I have seen this year. Poorly written with terrible performances throughout. Complete waste of money.,negative
I regret watching this. Two hours of confused storytelling and mediocre performances. Do not bother watching.,negative
Brilliant storytelling with great performances. The movie kept me on the edge of my seat the whole time. Perfect entertainment.,positive
Loved this movie! Great plot twists and superb acting throughout the entire film. A true classic.,positive
The movie was perfectly paced with excellent performances and a compelling narrative.,positive
Terrible script with laughably bad dialogue. The actors seemed embarrassed to say their lines. Truly awful.,negative
Exceptional filmmaking at its finest. A story that will stay with you long after watching.,positive
This is a must-watch film. The acting is top-notch and the plot is engaging throughout.,positive
A disaster from start to finish. Nothing about this film worked at any level.,negative
One of the worst films I have ever had the misfortune of watching. Boring and poorly made. Do not bother watching.,negative
The chemistry between the lead actors was electric. A thoroughly enjoyable film. A true classic.,positive
"Boring, predictable, and utterly forgettable. A total waste of talented actors. Do not bother watching.",negative
One of the worst films I have ever had the misfortune of watching. Boring and poorly made. Truly awful.,negative
Save your time and avoid this film. It is easily one of the worst of the decade.,negative
Save your time and avoid this film. It is easily one of the worst of the decade.,negative
This movie was a complete waste of time. The plot made no sense and the acting was terrible. Avoid at all costs.,negative
Beautifully crafted movie with stunning visuals and an emotional story that resonates deeply.,positive
One of the best films I have ever seen. The cinematography was breathtaking and the characters were so well developed. A true classic.,positive
This movie was a complete waste of time. The plot made no sense and the acting was terrible. Complete waste of money.,negative
The worst movie I have seen this year. Poorly written with terrible performances throughout. Complete waste of money.,negative
This is a must-watch film. The acting is top-notch and the plot is engaging throughout. A true classic.,positive
I regret watching this. Two hours of confused storytelling and mediocre performances. Avoid at all costs.,negative
A total disappointment. Nothing worked in this film and it was painfully slow throughout. Complete waste of money.,negative
Simply amazing. This movie exceeded all my expectations and left me wanting more. Great film overall.,positive
Absolutely dreadful. The story was incoherent and the characters were completely unlikeable.,negative
Beautifully crafted movie with stunning visuals and an emotional story that resonates deeply.,positive
"Terrible movie. Bad acting, bad writing, and a complete lack of direction or purpose.",negative
This movie had so much potential but wasted it completely. Deeply disappointing result. Avoid at all costs.,negative
I wanted to leave the cinema halfway through. This film was a massive disappointment. Complete waste of money.,negative
This film was an absolute chore to sit through. Boring from beginning to end.,negative
I loved every minute of this film. The performances were outstanding and the script was brilliant. A true classic.,positive
Fantastic movie with a great story and wonderful characters that you really care about. Would watch again.,positive
The chemistry between the lead actors was electric. A thoroughly enjoyable film.,positive
A disaster from start to finish. Nothing about this film worked at any level. Avoid at all costs.,negative
One of the best films I have ever seen. The cinematography was breathtaking and the characters were so well developed. Highly recommended!,positive
"Terrible movie. Bad acting, bad writing, and a complete lack of direction or purpose. Do not bother watching.",negative
Fantastic movie with a great story and wonderful characters that you really care about. A true classic.,positive
The worst movie I have seen this year. Poorly written with terrible performances throughout. Complete waste of money.,negative
A masterpiece of modern cinema. The director did an incredible job bringing the story to life.,positive
Loved this movie! Great plot twists and superb acting throughout the entire film.,positive
One of the most boring films ever made. Nothing happens and there is no reason to care.,negative
Superb acting and a fantastic script make this one of the year's best films. Great film overall.,positive
I was completely captivated from the opening scene to the final credits. Truly brilliant. Perfect entertainment.,positive
This was painful to watch. The storyline was nonsensical and the acting was cringe-worthy.,negative
One of the most boring films ever made. Nothing happens and there is no reason to care.,negative
I wanted to leave the cinema halfway through. This film was a massive disappointment. Complete waste of money.,negative
This movie was a complete waste of time. The plot made no sense and the acting was terrible. Truly awful.,negative
Beautifully crafted movie with stunning visuals and an emotional story that resonates deeply. Great film overall.,positive
I was completely captivated from the opening scene to the final credits. Truly brilliant. Great film overall.,positive
A masterpiece of modern cinema. The director did an incredible job bringing the story to life. Great film overall.,positive
Incredible performances by the entire cast. The story was gripping and emotional. A true classic.,positive
I cannot believe how bad this film was. Two hours of my life I will never get back. Skip this one.,negative
I was completely captivated from the opening scene to the final credits. Truly brilliant. Perfect entertainment.,positive
This movie was absolutely fantastic! The acting was superb and the storyline kept me hooked from start to finish. Would watch again.,positive
Save your time and avoid this film. It is easily one of the worst of the decade. Skip this one.,negative
This film was an absolute chore to sit through. Boring from beginning to end.,negative
A truly exceptional film. The direction is impeccable and the story is deeply moving.,positive
Brilliant storytelling with great performances. The movie kept me on the edge of my seat the whole time. Would watch again.,positive
Exceptional filmmaking at its finest. A story that will stay with you long after watching.,positive
I wanted to leave the cinema halfway through. This film was a massive disappointment. Truly awful.,negative
"Boring, predictable, and utterly forgettable. A total waste of talented actors. Do not bother watching.",negative
One of the most engaging films I have watched in years. Highly recommended to everyone.,positive
"A feel-good movie that delivers on every level. Funny, sweet, and genuinely entertaining.",positive
This was painful to watch. The storyline was nonsensical and the acting was cringe-worthy. Truly awful.,negative
Awful in every way. The director clearly had no idea what kind of movie they wanted to make. Avoid at all costs.,negative
This movie was a complete waste of time. The plot made no sense and the acting was terrible.,negative
I regret watching this. Two hours of confused storytelling and mediocre performances.,negative
Terrible script with laughably bad dialogue. The actors seemed embarrassed to say their lines.,negative
"Poor direction, worse acting, and a storyline that made absolutely no sense whatsoever.",negative
Fantastic movie with a great story and wonderful characters that you really care about. A true classic.,positive
A truly exceptional film. The direction is impeccable and the story is deeply moving.,positive
"The acting was wooden, the dialogue was awful, and the plot had more holes than Swiss cheese.",negative
Terrible script with laughably bad dialogue. The actors seemed embarrassed to say their lines. Do not bother watching.,negative
"What a wonderful film! Heartfelt, funny, and genuinely moving. I cried at the end. Highly recommended!",positive
The movie was perfectly paced with excellent performances and a compelling narrative. Would watch again.,positive
The chemistry between the lead actors was electric. A thoroughly enjoyable film. Great film overall.,positive
Brilliant storytelling with great performances. The movie kept me on the edge of my seat the whole time. Perfect entertainment.,positive
"A complete mess of a movie. Incoherent plot, flat characters, and a truly awful ending. Complete waste of money.",negative
A masterpiece of modern cinema. The director did an incredible job bringing the story to life.,positive
"Complete trash. The script was lazy, the acting was poor, and the ending was infuriating.",negative
"Complete trash. The script was lazy, the acting was poor, and the ending was infuriating. Do not bother watching.",negative
Brilliant storytelling with great performances. The movie kept me on the edge of my seat the whole time. Highly recommended!,positive
The plot was ridiculous and the characters made no sense. I could not connect with anyone.,negative
One of the worst films I have ever had the misfortune of watching. Boring and poorly made.,negative
"A complete mess of a movie. Incoherent plot, flat characters, and a truly awful ending. Complete waste of money.",negative
The worst movie I have seen this year. Poorly written with terrible performances throughout. Truly awful.,negative
"A beautiful film that tells an important story with grace, humor, and emotional depth. Great film overall.",positive
"Poor direction, worse acting, and a storyline that made absolutely no sense whatsoever. Avoid at all costs.",negative
This movie was a complete waste of time. The plot made no sense and the acting was terrible. Avoid at all costs.,negative
This movie had so much potential but wasted it completely. Deeply disappointing result. Complete waste of money.,negative
"The acting was wooden, the dialogue was awful, and the plot had more holes than Swiss cheese.",negative
Brilliant storytelling with great performances. The movie kept me on the edge of my seat the whole time.,positive
This movie was absolutely fantastic! The acting was superb and the storyline kept me hooked from start to finish. Would watch again.,positive
The plot was ridiculous and the characters made no sense. I could not connect with anyone.,negative
"The acting was wooden, the dialogue was awful, and the plot had more holes than Swiss cheese. Do not bother watching.",negative
A total disappointment. Nothing worked in this film and it was painfully slow throughout.,negative
"Complete trash. The script was lazy, the acting was poor, and the ending was infuriating.",negative
A total disappointment. Nothing worked in this film and it was painfully slow throughout.,negative
One of the most engaging films I have watched in years. Highly recommended to everyone. A true classic.,positive
One of the worst films I have ever had the misfortune of watching. Boring and poorly made. Truly awful.,negative
The best movie of the year without a doubt. Everything about it was perfect. Would watch again.,positive
Terrible script with laughably bad dialogue. The actors seemed embarrassed to say their lines.,negative
"Complete trash. The script was lazy, the acting was poor, and the ending was infuriating. Truly awful.",negative
"The acting was wooden, the dialogue was awful, and the plot had more holes than Swiss cheese.",negative
This is a must-watch film. The acting is top-notch and the plot is engaging throughout.,positive
"Dull, slow, and painfully uninteresting. I fell asleep twice during this movie.",negative
A total disappointment. Nothing worked in this film and it was painfully slow throughout.,negative
"Complete trash. The script was lazy, the acting was poor, and the ending was infuriating.",negative
Simply amazing. This movie exceeded all my expectations and left me wanting more.,positive
Exceptional filmmaking at its finest. A story that will stay with you long after watching.,positive
"The acting was wooden, the dialogue was awful, and the plot had more holes than Swiss cheese. Skip this one.",negative
The chemistry between the lead actors was electric. A thoroughly enjoyable film.,positive
Beautifully crafted movie with stunning visuals and an emotional story that resonates deeply. Would watch again.,positive
Superb acting and a fantastic script make this one of the year's best films. Perfect entertainment.,positive
"A feel-good movie that delivers on every level. Funny, sweet, and genuinely entertaining.",positive
"A beautiful film that tells an important story with grace, humor, and emotional depth. Perfect entertainment.",positive
"Terrible movie. Bad acting, bad writing, and a complete lack of direction or purpose. Skip this one.",negative
This movie blew me away. The special effects were incredible and the story was riveting. A true classic.,positive
"The special effects looked cheap, the story was weak, and the acting was unconvincing. Truly awful.",negative
"An absolute joy to watch. The film is funny, touching, and brilliantly acted.",positive
A truly exceptional film. The direction is impeccable and the story is deeply moving. A true classic.,positive
The movie was perfectly paced with excellent performances and a compelling narrative.,positive
"The acting was wooden, the dialogue was awful, and the plot had more holes than Swiss cheese.",negative
"The special effects looked cheap, the story was weak, and the acting was unconvincing. Truly awful.",negative
Beautifully crafted movie with stunning visuals and an emotional story that resonates deeply.,positive
This movie had so much potential but wasted it completely. Deeply disappointing result. Skip this one.,negative
A truly exceptional film. The direction is impeccable and the story is deeply moving. A true classic.,positive
A disaster from start to finish. Nothing about this film worked at any level. Truly awful.,negative
A total disappointment. Nothing worked in this film and it was painfully slow throughout.,negative
The movie was perfectly paced with excellent performances and a compelling narrative.,positive
Loved this movie! Great plot twists and superb acting throughout the entire film. Highly recommended!,positive
I was completely captivated from the opening scene to the final credits. Truly brilliant.,positive
This film was an absolute chore to sit through. Boring from beginning to end. Do not bother watching.,negative
I cannot believe how bad this film was. Two hours of my life I will never get back. Avoid at all costs.,negative
I was completely captivated from the opening scene to the final credits. Truly brilliant.,positive
I was completely captivated from the opening scene to the final credits. Truly brilliant.,positive
I regret watching this. Two hours of confused storytelling and mediocre performances. Skip this one.,negative
Loved this movie! Great plot twists and superb acting throughout the entire film.,positive
"A complete mess of a movie. Incoherent plot, flat characters, and a truly awful ending. Skip this one.",negative
This movie was absolutely fantastic! The acting was superb and the storyline kept me hooked from start to finish. A true classic.,positive
A masterpiece of modern cinema. The director did an incredible job bringing the story to life. Highly recommended!,positive
Beautifully crafted movie with stunning visuals and an emotional story that resonates deeply. A true classic.,positive
"An absolute joy to watch. The film is funny, touching, and brilliantly acted. Would watch again.",positive
A disaster from start to finish. Nothing about this film worked at any level.,negative
"A complete mess of a movie. Incoherent plot, flat characters, and a truly awful ending.",negative
"Complete trash. The script was lazy, the acting was poor, and the ending was infuriating. Skip this one.",negative
"A beautiful film that tells an important story with grace, humor, and emotional depth. A true classic.",positive
One of the most engaging films I have watched in years. Highly recommended to everyone. Highly recommended!,positive
"Terrible movie. Bad acting, bad writing, and a complete lack of direction or purpose. Avoid at all costs.",negative
I loved every minute of this film. The performances were outstanding and the script was brilliant.,positive
Brilliant storytelling with great performances. The movie kept me on the edge of my seat the whole time. A true classic.,positive
This is a must-watch film. The acting is top-notch and the plot is engaging throughout. Perfect entertainment.,positive
Terrible script with laughably bad dialogue. The actors seemed embarrassed to say their lines. Avoid at all costs.,negative
"An absolute joy to watch. The film is funny, touching, and brilliantly acted. Highly recommended!",positive
"The special effects looked cheap, the story was weak, and the acting was unconvincing. Avoid at all costs.",negative
I regret watching this. Two hours of confused storytelling and mediocre performances. Do not bother watching.,negative
A total disappointment. Nothing worked in this film and it was painfully slow throughout. Complete waste of money.,negative
This movie was a complete waste of time. The plot made no sense and the acting was terrible. Skip this one.,negative
"What a wonderful film! Heartfelt, funny, and genuinely moving. I cried at the end.",positive
"Dull, slow, and painfully uninteresting. I fell asleep twice during this movie.",negative
This film was an absolute chore to sit through. Boring from beginning to end.,negative
Superb acting and a fantastic script make this one of the year's best films.,positive
"Complete trash. The script was lazy, the acting was poor, and the ending was infuriating. Skip this one.",negative
One of the best films I have ever seen. The cinematography was breathtaking and the characters were so well developed.,positive
Simply amazing. This movie exceeded all my expectations and left me wanting more.,positive
Incredible performances by the entire cast. The story was gripping and emotional. Highly recommended!,positive
This movie was a complete waste of time. The plot made no sense and the acting was terrible.,negative
This movie blew me away. The special effects were incredible and the story was riveting. A true classic.,positive
I was completely captivated from the opening scene to the final credits. Truly brilliant.,positive
Incredible performances by the entire cast. The story was gripping and emotional. Highly recommended!,positive
"Complete trash. The script was lazy, the acting was poor, and the ending was infuriating.",negative
Beautifully crafted movie with stunning visuals and an emotional story that resonates deeply. Would watch again.,positive
I cannot believe how bad this film was. Two hours of my life I will never get back.,negative
A disaster from start to finish. Nothing about this film worked at any level.,negative
I was completely captivated from the opening scene to the final credits. Truly brilliant. A true classic.,positive
Incredible performances by the entire cast. The story was gripping and emotional.,positive
This movie had so much potential but wasted it completely. Deeply disappointing result. Skip this one.,negative
Superb acting and a fantastic script make this one of the year's best films. Highly recommended!,positive
This movie blew me away. The special effects were incredible and the story was riveting. A true classic.,positive
A total disappointment. Nothing worked in this film and it was painfully slow throughout. Truly awful.,negative
"The acting was wooden, the dialogue was awful, and the plot had more holes than Swiss cheese. Complete waste of money.",negative
One of the most engaging films I have watched in years. Highly recommended to everyone.,positive
A total disappointment. Nothing worked in this film and it was painfully slow throughout. Do not bother watching.,negative
I cannot believe how bad this film was. Two hours of my life I will never get back. Truly awful.,negative
Incredible performances by the entire cast. The story was gripping and emotional. A true classic.,positive
This movie was absolutely fantastic! The acting was superb and the storyline kept me hooked from start to finish.,positive
I regret watching this. Two hours of confused storytelling and mediocre performances. Complete waste of money.,negative
One of the most boring films ever made. Nothing happens and there is no reason to care. Truly awful.,negative
"Dull, slow, and painfully uninteresting. I fell asleep twice during this movie. Skip this one.",negative
I loved every minute of this film. The performances were outstanding and the script was brilliant. A true classic.,positive
The best movie of the year without a doubt. Everything about it was perfect. Highly recommended!,positive
I loved every minute of this film. The performances were outstanding and the script was brilliant. Great film overall.,positive
Simply amazing. This movie exceeded all my expectations and left me wanting more.,positive
One of the worst films I have ever had the misfortune of watching. Boring and poorly made.,negative
Awful in every way. The director clearly had no idea what kind of movie they wanted to make.,negative
"The special effects looked cheap, the story was weak, and the acting was unconvincing.",negative
Exceptional filmmaking at its finest. A story that will stay with you long after watching.,positive
Awful in every way. The director clearly had no idea what kind of movie they wanted to make.,negative
A disaster from start to finish. Nothing about this film worked at any level.,negative
"This film is a gem. Smart, funny, and emotionally powerful all at once.",positive
This was painful to watch. The storyline was nonsensical and the acting was cringe-worthy. Avoid at all costs.,negative
The worst movie I have seen this year. Poorly written with terrible performances throughout.,negative
I cannot believe how bad this film was. Two hours of my life I will never get back.,negative
This movie had so much potential but wasted it completely. Deeply disappointing result. Skip this one.,negative
This movie had so much potential but wasted it completely. Deeply disappointing result.,negative
The movie was perfectly paced with excellent performances and a compelling narrative.,positive
A disaster from start to finish. Nothing about this film worked at any level. Truly awful.,negative
Incredible performances by the entire cast. The story was gripping and emotional. Perfect entertainment.,positive
Superb acting and a fantastic script make this one of the year's best films. A true classic.,positive
"The special effects looked cheap, the story was weak, and the acting was unconvincing.",negative
One of the best films I have ever seen. The cinematography was breathtaking and the characters were so well developed.,positive
A disaster from start to finish. Nothing about this film worked at any level. Complete waste of money.,negative
One of the most boring films ever made. Nothing happens and there is no reason to care.,negative
This movie was absolutely fantastic! The acting was superb and the storyline kept me hooked from start to finish.,positive
Incredible performances by the entire cast. The story was gripping and emotional.,positive
One of the best films I have ever seen. The cinematography was breathtaking and the characters were so well developed.,positive
A total disappointment. Nothing worked in this film and it was painfully slow throughout. Complete waste of money.,negative
The plot was ridiculous and the characters made no sense. I could not connect with anyone.,negative
The movie was perfectly paced with excellent performances and a compelling narrative.,positive
The movie was perfectly paced with excellent performances and a compelling narrative.,positive
Incredible performances by the entire cast. The story was gripping and emotional. A true classic.,positive
Exceptional filmmaking at its finest. A story that will stay with you long after watching. Great film overall.,positive
I wanted to leave the cinema halfway through. This film was a massive disappointment. Skip this one.,negative
The movie was perfectly paced with excellent performances and a compelling narrative. A true classic.,positive
One of the most engaging films I have watched in years. Highly recommended to everyone. A true classic.,positive
This film was an absolute chore to sit through. Boring from beginning to end. Do not bother watching.,negative
"The special effects looked cheap, the story was weak, and the acting was unconvincing.",negative
Beautifully crafted movie with stunning visuals and an emotional story that resonates deeply.,positive
I was completely captivated from the opening scene to the final credits. Truly brilliant.,positive
The plot was ridiculous and the characters made no sense. I could not connect with anyone. Skip this one.,negative
This movie was absolutely fantastic! The acting was superb and the storyline kept me hooked from start to finish.,positive
A masterpiece of modern cinema. The director did an incredible job bringing the story to life.,positive
I loved every minute of this film. The performances were outstanding and the script was brilliant. Would watch again.,positive
Simply amazing. This movie exceeded all my expectations and left me wanting more.,positive
Save your time and avoid this film. It is easily one of the worst of the decade. Do not bother watching.,negative
One of the most engaging films I have watched in years. Highly recommended to everyone.,positive
"What a wonderful film! Heartfelt, funny, and genuinely moving. I cried at the end. A true classic.",positive
One of the most boring films ever made. Nothing happens and there is no reason to care. Avoid at all costs.,negative
I was completely captivated from the opening scene to the final credits. Truly brilliant. A true classic.,positive
"A beautiful film that tells an important story with grace, humor, and emotional depth.",positive
One of the most engaging films I have watched in years. Highly recommended to everyone. Perfect entertainment.,positive
"A feel-good movie that delivers on every level. Funny, sweet, and genuinely entertaining.",positive
"Poor direction, worse acting, and a storyline that made absolutely no sense whatsoever.",negative
Absolutely dreadful. The story was incoherent and the characters were completely unlikeable.,negative
A masterpiece of modern cinema. The director did an incredible job bringing the story to life. Highly recommended!,positive
"Terrible movie. Bad acting, bad writing, and a complete lack of direction or purpose. Skip this one.",negative
This was painful to watch. The storyline was nonsensical and the acting was cringe-worthy. Do not bother watching.,negative
Incredible performances by the entire cast. The story was gripping and emotional. Highly recommended!,positive
"Complete trash. The script was lazy, the acting was poor, and the ending was infuriating.",negative
I regret watching this. Two hours of confused storytelling and mediocre performances.,negative
Fantastic movie with a great story and wonderful characters that you really care about. Great film overall.,positive
"A beautiful film that tells an important story with grace, humor, and emotional depth.",positive
One of the most boring films ever made. Nothing happens and there is no reason to care.,negative
Absolutely dreadful. The story was incoherent and the characters were completely unlikeable.,negative
A masterpiece of modern cinema. The director did an incredible job bringing the story to life.,positive
Absolutely dreadful. The story was incoherent and the characters were completely unlikeable. Complete waste of money.,negative
Simply amazing. This movie exceeded all my expectations and left me wanting more. Would watch again.,positive
I was completely captivated from the opening scene to the final credits. Truly brilliant.,positive
"An absolute joy to watch. The film is funny, touching, and brilliantly acted.",positive
I loved every minute of this film. The performances were outstanding and the script was brilliant. Great film overall.,positive
I loved every minute of this film. The performances were outstanding and the script was brilliant. Perfect entertainment.,positive
"Terrible movie. Bad acting, bad writing, and a complete lack of direction or purpose. Do not bother watching.",negative
I was completely captivated from the opening scene to the final credits. Truly brilliant. A true classic.,positive
This movie had so much potential but wasted it completely. Deeply disappointing result. Avoid at all costs.,negative
This movie blew me away. The special effects were incredible and the story was riveting. Perfect entertainment.,positive
This film was an absolute chore to sit through. Boring from beginning to end. Skip this one.,negative
"An absolute joy to watch. The film is funny, touching, and brilliantly acted.",positive
Simply amazing. This movie exceeded all my expectations and left me wanting more.,positive
"Boring, predictable, and utterly forgettable. A total waste of talented actors. Skip this one.",negative
A truly exceptional film. The direction is impeccable and the story is deeply moving.,positive
"A complete mess of a movie. Incoherent plot, flat characters, and a truly awful ending. Complete waste of money.",negative
A truly exceptional film. The direction is impeccable and the story is deeply moving. Would watch again.,positive
A truly exceptional film. The direction is impeccable and the story is deeply moving.,positive
Exceptional filmmaking at its finest. A story that will stay with you long after watching.,positive
Beautifully crafted movie with stunning visuals and an emotional story that resonates deeply. Great film overall.,positive
"What a wonderful film! Heartfelt, funny, and genuinely moving. I cried at the end.",positive
One of the most boring films ever made. Nothing happens and there is no reason to care. Complete waste of money.,negative
Save your time and avoid this film. It is easily one of the worst of the decade.,negative
"This film is a gem. Smart, funny, and emotionally powerful all at once.",positive
This film was an absolute chore to sit through. Boring from beginning to end.,negative
"Terrible movie. Bad acting, bad writing, and a complete lack of direction or purpose. Complete waste of money.",negative
"Poor direction, worse acting, and a storyline that made absolutely no sense whatsoever. Complete waste of money.",negative
Loved this movie! Great plot twists and superb acting throughout the entire film.,positive
Awful in every way. The director clearly had no idea what kind of movie they wanted to make. Truly awful.,negative
This movie was a complete waste of time. The plot made no sense and the acting was terrible. Do not bother watching.,negative
"Terrible movie. Bad acting, bad writing, and a complete lack of direction or purpose. Truly awful.",negative
A truly exceptional film. The direction is impeccable and the story is deeply moving. Great film overall.,positive
The best movie of the year without a doubt. Everything about it was perfect. Highly recommended!,positive
A total disappointment. Nothing worked in this film and it was painfully slow throughout.,negative
Incredible performances by the entire cast. The story was gripping and emotional. Great film overall.,positive
This movie blew me away. The special effects were incredible and the story was riveting.,positive
This movie had so much potential but wasted it completely. Deeply disappointing result.,negative
A masterpiece of modern cinema. The director did an incredible job bringing the story to life.,positive
"Terrible movie. Bad acting, bad writing, and a complete lack of direction or purpose.",negative
I regret watching this. Two hours of confused storytelling and mediocre performances. Avoid at all costs.,negative
"The special effects looked cheap, the story was weak, and the acting was unconvincing. Skip this one.",negative
This is a must-watch film. The acting is top-notch and the plot is engaging throughout. Great film overall.,positive
One of the worst films I have ever had the misfortune of watching. Boring and poorly made. Avoid at all costs.,negative
A total disappointment. Nothing worked in this film and it was painfully slow throughout. Skip this one.,negative
I cannot believe how bad this film was. Two hours of my life I will never get back.,negative
A masterpiece of modern cinema. The director did an incredible job bringing the story to life.,positive
Fantastic movie with a great story and wonderful characters that you really care about. Highly recommended!,positive
Absolutely dreadful. The story was incoherent and the characters were completely unlikeable.,negative
This is a must-watch film. The acting is top-notch and the plot is engaging throughout. Highly recommended!,positive
"The acting was wooden, the dialogue was awful, and the plot had more holes than Swiss cheese. Skip this one.",negative
Beautifully crafted movie with stunning visuals and an emotional story that resonates deeply.,positive
Brilliant storytelling with great performances. The movie kept me on the edge of my seat the whole time. Perfect entertainment.,positive
The movie was perfectly paced with excellent performances and a compelling narrative. A true classic.,positive
I cannot believe how bad this film was. Two hours of my life I will never get back. Do not bother watching.,negative
A disaster from start to finish. Nothing about this film worked at any level.,negative
"A complete mess of a movie. Incoherent plot, flat characters, and a truly awful ending. Avoid at all costs.",negative
The best movie of the year without a doubt. Everything about it was perfect.,positive
I loved every minute of this film. The performances were outstanding and the script was brilliant. Perfect entertainment.,positive
"A complete mess of a movie. Incoherent plot, flat characters, and a truly awful ending. Avoid at all costs.",negative
The movie was perfectly paced with excellent performances and a compelling narrative.,positive
A disaster from start to finish. Nothing about this film worked at any level.,negative
"A complete mess of a movie. Incoherent plot, flat characters, and a truly awful ending.",negative
I wanted to leave the cinema halfway through. This film was a massive disappointment. Do not bother watching.,negative
This movie was a complete waste of time. The plot made no sense and the acting was terrible.,negative
Awful in every way. The director clearly had no idea what kind of movie they wanted to make. Complete waste of money.,negative
Terrible script with laughably bad dialogue. The actors seemed embarrassed to say their lines.,negative
The movie was perfectly paced with excellent performances and a compelling narrative.,positive
A truly exceptional film. The direction is impeccable and the story is deeply moving.,positive
Save your time and avoid this film. It is easily one of the worst of the decade. Avoid at all costs.,negative
"The special effects looked cheap, the story was weak, and the acting was unconvincing.",negative
"Complete trash. The script was lazy, the acting was poor, and the ending was infuriating.",negative
Superb acting and a fantastic script make this one of the year's best films. Highly recommended!,positive
"What a wonderful film! Heartfelt, funny, and genuinely moving. I cried at the end.",positive
This movie was a complete waste of time. The plot made no sense and the acting was terrible.,negative
Superb acting and a fantastic script make this one of the year's best films.,positive
One of the worst films I have ever had the misfortune of watching. Boring and poorly made. Avoid at all costs.,negative
"The special effects looked cheap, the story was weak, and the acting was unconvincing. Avoid at all costs.",negative
One of the worst films I have ever had the misfortune of watching. Boring and poorly made.,negative
"A complete mess of a movie. Incoherent plot, flat characters, and a truly awful ending.",negative
A disaster from start to finish. Nothing about this film worked at any level. Avoid at all costs.,negative
Beautifully crafted movie with stunning visuals and an emotional story that resonates deeply.,positive
The best movie of the year without a doubt. Everything about it was perfect. Would watch again.,positive
A disaster from start to finish. Nothing about this film worked at any level.,negative
Beautifully crafted movie with stunning visuals and an emotional story that resonates deeply. Perfect entertainment.,positive
"Dull, slow, and painfully uninteresting. I fell asleep twice during this movie.",negative
Simply amazing. This movie exceeded all my expectations and left me wanting more. A true classic.,positive
Exceptional filmmaking at its finest. A story that will stay with you long after watching.,positive
"This film is a gem. Smart, funny, and emotionally powerful all at once. Would watch again.",positive
I cannot believe how bad this film was. Two hours of my life I will never get back. Do not bother watching.,negative
This movie was a complete waste of time. The plot made no sense and the acting was terrible.,negative
"An absolute joy to watch. The film is funny, touching, and brilliantly acted.",positive
The best movie of the year without a doubt. Everything about it was perfect.,positive
Awful in every way. The director clearly had no idea what kind of movie they wanted to make.,negative
This movie was a complete waste of time. The plot made no sense and the acting was terrible.,negative
I was completely captivated from the opening scene to the final credits. Truly brilliant.,positive
This movie blew me away. The special effects were incredible and the story was riveting.,positive
Exceptional filmmaking at its finest. A story that will stay with you long after watching. A true classic.,positive
The worst movie I have seen this year. Poorly written with terrible performances throughout. Avoid at all costs.,negative
Loved this movie! Great plot twists and superb acting throughout the entire film.,positive
"The special effects looked cheap, the story was weak, and the acting was unconvincing. Skip this one.",negative
A masterpiece of modern cinema. The director did an incredible job bringing the story to life. Highly recommended!,positive
I was completely captivated from the opening scene to the final credits. Truly brilliant. Would watch again.,positive
Awful in every way. The director clearly had no idea what kind of movie they wanted to make. Skip this one.,negative
Simply amazing. This movie exceeded all my expectations and left me wanting more.,positive
A disaster from start to finish. Nothing about this film worked at any level. Complete waste of money.,negative
This film was an absolute chore to sit through. Boring from beginning to end. Do not bother watching.,negative
"Dull, slow, and painfully uninteresting. I fell asleep twice during this movie.",negative
"Dull, slow, and painfully uninteresting. I fell asleep twice during this movie. Avoid at all costs.",negative
"The acting was wooden, the dialogue was awful, and the plot had more holes than Swiss cheese.",negative
The worst movie I have seen this year. Poorly written with terrible performances throughout. Truly awful.,negative
Exceptional filmmaking at its finest. A story that will stay with you long after watching.,positive
Awful in every way. The director clearly had no idea what kind of movie they wanted to make. Complete waste of money.,negative
A total disappointment. Nothing worked in this film and it was painfully slow throughout. Truly awful.,negative
I cannot believe how bad this film was. Two hours of my life I will never get back. Skip this one.,negative
This movie blew me away. The special effects were incredible and the story was riveting. A true classic.,positive
Simply amazing. This movie exceeded all my expectations and left me wanting more. A true classic.,positive
One of the best films I have ever seen. The cinematography was breathtaking and the characters were so well developed. Would watch again.,positive
Save your time and avoid this film. It is easily one of the worst of the decade.,negative
Incredible performances by the entire cast. The story was gripping and emotional.,positive
Save your time and avoid this film. It is easily one of the worst of the decade. Skip this one.,negative
This movie had so much potential but wasted it completely. Deeply disappointing result.,negative
Loved this movie! Great plot twists and superb acting throughout the entire film.,positive
Awful in every way. The director clearly had no idea what kind of movie they wanted to make. Do not bother watching.,negative
The chemistry between the lead actors was electric. A thoroughly enjoyable film. Highly recommended!,positive
I loved every minute of this film. The performances were outstanding and the script was brilliant. Great film overall.,positive
Awful in every way. The director clearly had no idea what kind of movie they wanted to make. Truly awful.,negative
Superb acting and a fantastic script make this one of the year's best films.,positive
The chemistry between the lead actors was electric. A thoroughly enjoyable film. Great film overall.,positive
Simply amazing. This movie exceeded all my expectations and left me wanting more.,positive
This movie had so much potential but wasted it completely. Deeply disappointing result. Avoid at all costs.,negative
I was completely captivated from the opening scene to the final credits. Truly brilliant. Highly recommended!,positive
"Boring, predictable, and utterly forgettable. A total waste of talented actors. Do not bother watching.",negative
I wanted to leave the cinema halfway through. This film was a massive disappointment. Truly awful.,negative
The best movie of the year without a doubt. Everything about it was perfect.,positive
I wanted to leave the cinema halfway through. This film was a massive disappointment.,negative
Loved this movie! Great plot twists and superb acting throughout the entire film. Would watch again.,positive
This film was an absolute chore to sit through. Boring from beginning to end. Do not bother watching.,negative
"The special effects looked cheap, the story was weak, and the acting was unconvincing.",negative
I was completely captivated from the opening scene to the final credits. Truly brilliant. Perfect entertainment.,positive
The best movie of the year without a doubt. Everything about it was perfect.,positive
The best movie of the year without a doubt. Everything about it was perfect.,positive
Beautifully crafted movie with stunning visuals and an emotional story that resonates deeply.,positive
"A feel-good movie that delivers on every level. Funny, sweet, and genuinely entertaining. Great film overall.",positive
The plot was ridiculous and the characters made no sense. I could not connect with anyone. Complete waste of money.,negative
One of the worst films I have ever had the misfortune of watching. Boring and poorly made.,negative
I was completely captivated from the opening scene to the final credits. Truly brilliant.,positive
Superb acting and a fantastic script make this one of the year's best films.,positive
This movie blew me away. The special effects were incredible and the story was riveting.,positive
The worst movie I have seen this year. Poorly written with terrible performances throughout.,negative
A masterpiece of modern cinema. The director did an incredible job bringing the story to life. Great film overall.,positive
This movie was a complete waste of time. The plot made no sense and the acting was terrible. Avoid at all costs.,negative
"A complete mess of a movie. Incoherent plot, flat characters, and a truly awful ending.",negative
I regret watching this. Two hours of confused storytelling and mediocre performances. Truly awful.,negative
One of the most engaging films I have watched in years. Highly recommended to everyone. Great film overall.,positive
"Boring, predictable, and utterly forgettable. A total waste of talented actors. Skip this one.",negative
"A feel-good movie that delivers on every level. Funny, sweet, and genuinely entertaining.",positive
Incredible performances by the entire cast. The story was gripping and emotional.,positive
One of the best films I have ever seen. The cinematography was breathtaking and the characters were so well developed.,positive
I wanted to leave the cinema halfway through. This film was a massive disappointment. Skip this one.,negative
I regret watching this. Two hours of confused storytelling and mediocre performances. Do not bother watching.,negative
One of the most engaging films I have watched in years. Highly recommended to everyone. A true classic.,positive
I was completely captivated from the opening scene to the final credits. Truly brilliant. Perfect entertainment.,positive
"This film is a gem. Smart, funny, and emotionally powerful all at once. A true classic.",positive
One of the best films I have ever seen. The cinematography was breathtaking and the characters were so well developed.,positive
Simply amazing. This movie exceeded all my expectations and left me wanting more. Perfect entertainment.,positive
The movie was perfectly paced with excellent performances and a compelling narrative.,positive
Fantastic movie with a great story and wonderful characters that you really care about. Would watch again.,positive
I was completely captivated from the opening scene to the final credits. Truly brilliant. Would watch again.,positive
A disaster from start to finish. Nothing about this film worked at any level.,negative
"Dull, slow, and painfully uninteresting. I fell asleep twice during this movie.",negative
I was completely captivated from the opening scene to the final credits. Truly brilliant. Highly recommended!,positive
The movie was perfectly paced with excellent performances and a compelling narrative.,positive
"Poor direction, worse acting, and a storyline that made absolutely no sense whatsoever. Complete waste of money.",negative
"The acting was wooden, the dialogue was awful, and the plot had more holes than Swiss cheese.",negative
"Terrible movie. Bad acting, bad writing, and a complete lack of direction or purpose. Do not bother watching.",negative
A total disappointment. Nothing worked in this film and it was painfully slow throughout. Complete waste of money.,negative
This movie was a complete waste of time. The plot made no sense and the acting was terrible.,negative
Simply amazing. This movie exceeded all my expectations and left me wanting more.,positive
One of the best films I have ever seen. The cinematography was breathtaking and the characters were so well developed.,positive
A truly exceptional film. The direction is impeccable and the story is deeply moving.,positive
"Terrible movie. Bad acting, bad writing, and a complete lack of direction or purpose. Do not bother watching.",negative
Awful in every way. The director clearly had no idea what kind of movie they wanted to make.,negative
Fantastic movie with a great story and wonderful characters that you really care about. Would watch again.,positive
One of the worst films I have ever had the misfortune of watching. Boring and poorly made.,negative
"A feel-good movie that delivers on every level. Funny, sweet, and genuinely entertaining. A true classic.",positive
A truly exceptional film. The direction is impeccable and the story is deeply moving.,positive
A masterpiece of modern cinema. The director did an incredible job bringing the story to life. Would watch again.,positive
Awful in every way. The director clearly had no idea what kind of movie they wanted to make.,negative
Fantastic movie with a great story and wonderful characters that you really care about.,positive
"Complete trash. The script was lazy, the acting was poor, and the ending was infuriating.",negative
Loved this movie! Great plot twists and superb acting throughout the entire film.,positive
This is a must-watch film. The acting is top-notch and the plot is engaging throughout. Would watch again.,positive
Beautifully crafted movie with stunning visuals and an emotional story that resonates deeply.,positive
"A beautiful film that tells an important story with grace, humor, and emotional depth.",positive
Exceptional filmmaking at its finest. A story that will stay with you long after watching. A true classic.,positive
"Complete trash. The script was lazy, the acting was poor, and the ending was infuriating.",negative
A total disappointment. Nothing worked in this film and it was painfully slow throughout.,negative
Exceptional filmmaking at its finest. A story that will stay with you long after watching. Perfect entertainment.,positive
This was painful to watch. The storyline was nonsensical and the acting was cringe-worthy. Skip this one.,negative
I loved every minute of this film. The performances were outstanding and the script was brilliant. Would watch again.,positive
This movie was absolutely fantastic! The acting was superb and the storyline kept me hooked from start to finish.,positive
"Poor direction, worse acting, and a storyline that made absolutely no sense whatsoever. Skip this one.",negative
This is a must-watch film. The acting is top-notch and the plot is engaging throughout. Would watch again.,positive
"The special effects looked cheap, the story was weak, and the acting was unconvincing. Avoid at all costs.",negative
"This film is a gem. Smart, funny, and emotionally powerful all at once. Perfect entertainment.",positive
I wanted to leave the cinema halfway through. This film was a massive disappointment. Truly awful.,negative
"Boring, predictable, and utterly forgettable. A total waste of talented actors. Skip this one.",negative
One of the worst films I have ever had the misfortune of watching. Boring and poorly made.,negative
A masterpiece of modern cinema. The director did an incredible job bringing the story to life. Highly recommended!,positive
A masterpiece of modern cinema. The director did an incredible job bringing the story to life. Would watch again.,positive
Absolutely dreadful. The story was incoherent and the characters were completely unlikeable. Avoid at all costs.,negative
This movie was a complete waste of time. The plot made no sense and the acting was terrible.,negative
I regret watching this. Two hours of confused storytelling and mediocre performances.,negative
Terrible script with laughably bad dialogue. The actors seemed embarrassed to say their lines.,negative
A truly exceptional film. The direction is impeccable and the story is deeply moving. Great film overall.,positive
Absolutely dreadful. The story was incoherent and the characters were completely unlikeable.,negative
The worst movie I have seen this year. Poorly written with terrible performances throughout.,negative
Exceptional filmmaking at its finest. A story that will stay with you long after watching. A true classic.,positive
"Boring, predictable, and utterly forgettable. A total waste of talented actors. Complete waste of money.",negative
One of the worst films I have ever had the misfortune of watching. Boring and poorly made.,negative
Absolutely dreadful. The story was incoherent and the characters were completely unlikeable.,negative
The worst movie I have seen this year. Poorly written with terrible performances throughout.,negative
"An absolute joy to watch. The film is funny, touching, and brilliantly acted.",positive
This was painful to watch. The storyline was nonsensical and the acting was cringe-worthy. Avoid at all costs.,negative
The movie was perfectly paced with excellent performances and a compelling narrative. Great film overall.,positive
The movie was perfectly paced with excellent performances and a compelling narrative.,positive
One of the most engaging films I have watched in years. Highly recommended to everyone.,positive
The worst movie I have seen this year. Poorly written with terrible performances throughout. Complete waste of money.,negative
Incredible performances by the entire cast. The story was gripping and emotional. Highly recommended!,positive
Exceptional filmmaking at its finest. A story that will stay with you long after watching. Would watch again.,positive
A disaster from start to finish. Nothing about this film worked at any level.,negative
This film was an absolute chore to sit through. Boring from beginning to end.,negative
"Terrible movie. Bad acting, bad writing, and a complete lack of direction or purpose. Complete waste of money.",negative
The best movie of the year without a doubt. Everything about it was perfect.,positive
Absolutely dreadful. The story was incoherent and the characters were completely unlikeable.,negative
"Boring, predictable, and utterly forgettable. A total waste of talented actors.",negative
Exceptional filmmaking at its finest. A story that will stay with you long after watching. Perfect entertainment.,positive
A total disappointment. Nothing worked in this film and it was painfully slow throughout.,negative
Loved this movie! Great plot twists and superb acting throughout the entire film.,positive
The worst movie I have seen this year. Poorly written with terrible performances throughout.,negative
A total disappointment. Nothing worked in this film and it was painfully slow throughout. Complete waste of money.,negative
"This film is a gem. Smart, funny, and emotionally powerful all at once. A true classic.",positive
I loved every minute of this film. The performances were outstanding and the script was brilliant.,positive
"Complete trash. The script was lazy, the acting was poor, and the ending was infuriating. Complete waste of money.",negative
"An absolute joy to watch. The film is funny, touching, and brilliantly acted.",positive
I was completely captivated from the opening scene to the final credits. Truly brilliant.,positive
This film was an absolute chore to sit through. Boring from beginning to end.,negative
The best movie of the year without a doubt. Everything about it was perfect.,positive
"Poor direction, worse acting, and a storyline that made absolutely no sense whatsoever. Avoid at all costs.",negative
Fantastic movie with a great story and wonderful characters that you really care about. Perfect entertainment.,positive
"The acting was wooden, the dialogue was awful, and the plot had more holes than Swiss cheese. Avoid at all costs.",negative
Save your time and avoid this film. It is easily one of the worst of the decade. Skip this one.,negative
This movie was a complete waste of time. The plot made no sense and the acting was terrible. Do not bother watching.,negative
Terrible script with laughably bad dialogue. The actors seemed embarrassed to say their lines. Complete waste of money.,negative
"Boring, predictable, and utterly forgettable. A total waste of talented actors.",negative
A disaster from start to finish. Nothing about this film worked at any level. Truly awful.,negative
"What a wonderful film! Heartfelt, funny, and genuinely moving. I cried at the end.",positive
"A feel-good movie that delivers on every level. Funny, sweet, and genuinely entertaining. Perfect entertainment.",positive
A total disappointment. Nothing worked in this film and it was painfully slow throughout.,negative
One of the most boring films ever made. Nothing happens and there is no reason to care.,negative
"Dull, slow, and painfully uninteresting. I fell asleep twice during this movie. Skip this one.",negative
"The special effects looked cheap, the story was weak, and the acting was unconvincing.",negative
I cannot believe how bad this film was. Two hours of my life I will never get back. Avoid at all costs.,negative
I loved every minute of this film. The performances were outstanding and the script was brilliant.,positive
The worst movie I have seen this year. Poorly written with terrible performances throughout. Truly awful.,negative
A disaster from start to finish. Nothing about this film worked at any level.,negative
"Dull, slow, and painfully uninteresting. I fell asleep twice during this movie.",negative
Absolutely dreadful. The story was incoherent and the characters were completely unlikeable. Do not bother watching.,negative
One of the most engaging films I have watched in years. Highly recommended to everyone. Perfect entertainment.,positive
The worst movie I have seen this year. Poorly written with terrible performances throughout. Complete waste of money.,negative
One of the worst films I have ever had the misfortune of watching. Boring and poorly made. Truly awful.,negative
One of the most boring films ever made. Nothing happens and there is no reason to care. Avoid at all costs.,negative
One of the most engaging films I have watched in years. Highly recommended to everyone.,positive
The movie was perfectly paced with excellent performances and a compelling narrative.,positive
"The acting was wooden, the dialogue was awful, and the plot had more holes than Swiss cheese.",negative
I loved every minute of this film. The performances were outstanding and the script was brilliant. Great film overall.,positive
Simply amazing. This movie exceeded all my expectations and left me wanting more.,positive
Superb acting and a fantastic script make this one of the year's best films.,positive
I wanted to leave the cinema halfway through. This film was a massive disappointment. Truly awful.,negative
Terrible script with laughably bad dialogue. The actors seemed embarrassed to say their lines. Do not bother watching.,negative
Save your time and avoid this film. It is easily one of the worst of the decade. Skip this one.,negative
"A beautiful film that tells an important story with grace, humor, and emotional depth. Perfect entertainment.",positive
"Dull, slow, and painfully uninteresting. I fell asleep twice during this movie. Do not bother watching.",negative
This movie blew me away. The special effects were incredible and the story was riveting.,positive
The chemistry between the lead actors was electric. A thoroughly enjoyable film.,positive
I cannot believe how bad this film was. Two hours of my life I will never get back.,negative
"This film is a gem. Smart, funny, and emotionally powerful all at once.",positive
"A feel-good movie that delivers on every level. Funny, sweet, and genuinely entertaining.",positive
This movie had so much potential but wasted it completely. Deeply disappointing result.,negative
Loved this movie! Great plot twists and superb acting throughout the entire film.,positive
"A feel-good movie that delivers on every level. Funny, sweet, and genuinely entertaining.",positive
"The special effects looked cheap, the story was weak, and the acting was unconvincing.",negative
"Dull, slow, and painfully uninteresting. I fell asleep twice during this movie. Truly awful.",negative
Terrible script with laughably bad dialogue. The actors seemed embarrassed to say their lines. Truly awful.,negative
The chemistry between the lead actors was electric. A thoroughly enjoyable film. Great film overall.,positive
Fantastic movie with a great story and wonderful characters that you really care about. Would watch again.,positive
Save your time and avoid this film. It is easily one of the worst of the decade. Avoid at all costs.,negative
"An absolute joy to watch. The film is funny, touching, and brilliantly acted.",positive
Beautifully crafted movie with stunning visuals and an emotional story that resonates deeply. Highly recommended!,positive
"Terrible movie. Bad acting, bad writing, and a complete lack of direction or purpose.",negative
Exceptional filmmaking at its finest. A story that will stay with you long after watching. A true classic.,positive
Beautifully crafted movie with stunning visuals and an emotional story that resonates deeply. Highly recommended!,positive
This film was an absolute chore to sit through. Boring from beginning to end.,negative
I wanted to leave the cinema halfway through. This film was a massive disappointment. Avoid at all costs.,negative
The plot was ridiculous and the characters made no sense. I could not connect with anyone. Complete waste of money.,negative
Terrible script with laughably bad dialogue. The actors seemed embarrassed to say their lines. Truly awful.,negative
"Complete trash. The script was lazy, the acting was poor, and the ending was infuriating.",negative
The movie was perfectly paced with excellent performances and a compelling narrative.,positive
"An absolute joy to watch. The film is funny, touching, and brilliantly acted.",positive
"The acting was wooden, the dialogue was awful, and the plot had more holes than Swiss cheese.",negative
One of the most boring films ever made. Nothing happens and there is no reason to care.,negative
Absolutely dreadful. The story was incoherent and the characters were completely unlikeable.,negative
One of the most engaging films I have watched in years. Highly recommended to everyone.,positive
This was painful to watch. The storyline was nonsensical and the acting was cringe-worthy. Avoid at all costs.,negative
"Poor direction, worse acting, and a storyline that made absolutely no sense whatsoever.",negative
The movie was perfectly paced with excellent performances and a compelling narrative.,positive
One of the most boring films ever made. Nothing happens and there is no reason to care. Avoid at all costs.,negative
"Poor direction, worse acting, and a storyline that made absolutely no sense whatsoever. Complete waste of money.",negative
"Terrible movie. Bad acting, bad writing, and a complete lack of direction or purpose. Complete waste of money.",negative
A disaster from start to finish. Nothing about this film worked at any level. Complete waste of money.,negative
Fantastic movie with a great story and wonderful characters that you really care about. A true classic.,positive
"Complete trash. The script was lazy, the acting was poor, and the ending was infuriating. Avoid at all costs.",negative
A total disappointment. Nothing worked in this film and it was painfully slow throughout.,negative
Beautifully crafted movie with stunning visuals and an emotional story that resonates deeply.,positive
Beautifully crafted movie with stunning visuals and an emotional story that resonates deeply. A true classic.,positive
"What a wonderful film! Heartfelt, funny, and genuinely moving. I cried at the end.",positive
"Poor direction, worse acting, and a storyline that made absolutely no sense whatsoever.",negative
The plot was ridiculous and the characters made no sense. I could not connect with anyone. Avoid at all costs.,negative
One of the most boring films ever made. Nothing happens and there is no reason to care.,negative
Save your time and avoid this film. It is easily one of the worst of the decade.,negative
A total disappointment. Nothing worked in this film and it was painfully slow throughout.,negative
Superb acting and a fantastic script make this one of the year's best films.,positive
Loved this movie! Great plot twists and superb acting throughout the entire film. Would watch again.,positive
This is a must-watch film. The acting is top-notch and the plot is engaging throughout.,positive
Save your time and avoid this film. It is easily one of the worst of the decade. Truly awful.,negative
This film was an absolute chore to sit through. Boring from beginning to end.,negative
A truly exceptional film. The direction is impeccable and the story is deeply moving. Highly recommended!,positive
The movie was perfectly paced with excellent performances and a compelling narrative. Highly recommended!,positive
This film was an absolute chore to sit through. Boring from beginning to end.,negative
Incredible performances by the entire cast. The story was gripping and emotional. Great film overall.,positive
Absolutely dreadful. The story was incoherent and the characters were completely unlikeable.,negative
Superb acting and a fantastic script make this one of the year's best films. Would watch again.,positive
This was painful to watch. The storyline was nonsensical and the acting was cringe-worthy. Do not bother watching.,negative
A masterpiece of modern cinema. The director did an incredible job bringing the story to life.,positive
Exceptional filmmaking at its finest. A story that will stay with you long after watching.,positive
I regret watching this. Two hours of confused storytelling and mediocre performances. Do not bother watching.,negative
A truly exceptional film. The direction is impeccable and the story is deeply moving. Great film overall.,positive
"The special effects looked cheap, the story was weak, and the acting was unconvincing. Do not bother watching.",negative
One of the most boring films ever made. Nothing happens and there is no reason to care. Do not bother watching.,negative
"This film is a gem. Smart, funny, and emotionally powerful all at once. A true classic.",positive
I cannot believe how bad this film was. Two hours of my life I will never get back. Skip this one.,negative
"The acting was wooden, the dialogue was awful, and the plot had more holes than Swiss cheese.",negative
The plot was ridiculous and the characters made no sense. I could not connect with anyone.,negative
"The special effects looked cheap, the story was weak, and the acting was unconvincing.",negative
Save your time and avoid this film. It is easily one of the worst of the decade. Truly awful.,negative
Brilliant storytelling with great performances. The movie kept me on the edge of my seat the whole time.,positive
One of the most engaging films I have watched in years. Highly recommended to everyone. Perfect entertainment.,positive
A total disappointment. Nothing worked in this film and it was painfully slow throughout.,negative
Terrible script with laughably bad dialogue. The actors seemed embarrassed to say their lines.,negative
I loved every minute of this film. The performances were outstanding and the script was brilliant. A true classic.,positive
Simply amazing. This movie exceeded all my expectations and left me wanting more.,positive
"Boring, predictable, and utterly forgettable. A total waste of talented actors. Truly awful.",negative
Beautifully crafted movie with stunning visuals and an emotional story that resonates deeply.,positive
"A beautiful film that tells an important story with grace, humor, and emotional depth. Great film overall.",positive
Save your time and avoid this film. It is easily one of the worst of the decade.,negative
This movie blew me away. The special effects were incredible and the story was riveting.,positive
The chemistry between the lead actors was electric. A thoroughly enjoyable film. Highly recommended!,positive
I wanted to leave the cinema halfway through. This film was a massive disappointment. Avoid at all costs.,negative
One of the most engaging films I have watched in years. Highly recommended to everyone. Highly recommended!,positive
Awful in every way. The director clearly had no idea what kind of movie they wanted to make.,negative
A truly exceptional film. The direction is impeccable and the story is deeply moving. Perfect entertainment.,positive
A total disappointment. Nothing worked in this film and it was painfully slow throughout. Skip this one.,negative
Simply amazing. This movie exceeded all my expectations and left me wanting more. A true classic.,positive
This movie blew me away. The special effects were incredible and the story was riveting. Great film overall.,positive
"What a wonderful film! Heartfelt, funny, and genuinely moving. I cried at the end.",positive
Fantastic movie with a great story and wonderful characters that you really care about. Would watch again.,positive
This movie had so much potential but wasted it completely. Deeply disappointing result. Avoid at all costs.,negative
"The acting was wooden, the dialogue was awful, and the plot had more holes than Swiss cheese.",negative
"Poor direction, worse acting, and a storyline that made absolutely no sense whatsoever. Do not bother watching.",negative
Absolutely dreadful. The story was incoherent and the characters were completely unlikeable. Avoid at all costs.,negative
The chemistry between the lead actors was electric. A thoroughly enjoyable film.,positive
"A beautiful film that tells an important story with grace, humor, and emotional depth.",positive
A truly exceptional film. The direction is impeccable and the story is deeply moving.,positive
This movie was absolutely fantastic! The acting was superb and the storyline kept me hooked from start to finish. Would watch again.,positive
"The special effects looked cheap, the story was weak, and the acting was unconvincing.",negative
The chemistry between the lead actors was electric. A thoroughly enjoyable film.,positive
This is a must-watch film. The acting is top-notch and the plot is engaging throughout.,positive
"A complete mess of a movie. Incoherent plot, flat characters, and a truly awful ending.",negative
A disaster from start to finish. Nothing about this film worked at any level. Skip this one.,negative
I cannot believe how bad this film was. Two hours of my life I will never get back.,negative
This movie was a complete waste of time. The plot made no sense and the acting was terrible. Avoid at all costs.,negative
This movie was absolutely fantastic! The acting was superb and the storyline kept me hooked from start to finish.,positive
The chemistry between the lead actors was electric. A thoroughly enjoyable film.,positive
This movie had so much potential but wasted it completely. Deeply disappointing result.,negative
A disaster from start to finish. Nothing about this film worked at any level. Complete waste of money.,negative
The worst movie I have seen this year. Poorly written with terrible performances throughout.,negative
The best movie of the year without a doubt. Everything about it was perfect. Great film overall.,positive
"Terrible movie. Bad acting, bad writing, and a complete lack of direction or purpose.",negative
This movie blew me away. The special effects were incredible and the story was riveting. Perfect entertainment.,positive
Superb acting and a fantastic script make this one of the year's best films. Highly recommended!,positive
One of the worst films I have ever had the misfortune of watching. Boring and poorly made. Complete waste of money.,negative
Beautifully crafted movie with stunning visuals and an emotional story that resonates deeply. Highly recommended!,positive
"A complete mess of a movie. Incoherent plot, flat characters, and a truly awful ending. Avoid at all costs.",negative
This movie had so much potential but wasted it completely. Deeply disappointing result.,negative
Terrible script with laughably bad dialogue. The actors seemed embarrassed to say their lines. Avoid at all costs.,negative
Absolutely dreadful. The story was incoherent and the characters were completely unlikeable. Avoid at all costs.,negative
Loved this movie! Great plot twists and superb acting throughout the entire film. Great film overall.,positive
"The acting was wooden, the dialogue was awful, and the plot had more holes than Swiss cheese. Avoid at all costs.",negative
"This film is a gem. Smart, funny, and emotionally powerful all at once. Would watch again.",positive
"An absolute joy to watch. The film is funny, touching, and brilliantly acted. A true classic.",positive
This was painful to watch. The storyline was nonsensical and the acting was cringe-worthy. Complete waste of money.,negative
The chemistry between the lead actors was electric. A thoroughly enjoyable film. A true classic.,positive
"This film is a gem. Smart, funny, and emotionally powerful all at once. Perfect entertainment.",positive
Simply amazing. This movie exceeded all my expectations and left me wanting more. Perfect entertainment.,positive
Save your time and avoid this film. It is easily one of the worst of the decade. Do not bother watching.,negative
This movie was absolutely fantastic! The acting was superb and the storyline kept me hooked from start to finish.,positive
Terrible script with laughably bad dialogue. The actors seemed embarrassed to say their lines.,negative
Brilliant storytelling with great performances. The movie kept me on the edge of my seat the whole time.,positive
A total disappointment. Nothing worked in this film and it was painfully slow throughout.,negative
The worst movie I have seen this year. Poorly written with terrible performances throughout.,negative
Incredible performances by the entire cast. The story was gripping and emotional.,positive
This movie was absolutely fantastic! The acting was superb and the storyline kept me hooked from start to finish. Highly recommended!,positive
I was completely captivated from the opening scene to the final credits. Truly brilliant.,positive
I loved every minute of this film. The performances were outstanding and the script was brilliant. Perfect entertainment.,positive
Terrible script with laughably bad dialogue. The actors seemed embarrassed to say their lines.,negative
The best movie of the year without a doubt. Everything about it was perfect. Would watch again.,positive
"A beautiful film that tells an important story with grace, humor, and emotional depth.",positive
The movie was perfectly paced with excellent performances and a compelling narrative. Would watch again.,positive
The best movie of the year without a doubt. Everything about it was perfect. A true classic.,positive
"What a wonderful film! Heartfelt, funny, and genuinely moving. I cried at the end.",positive
Superb acting and a fantastic script make this one of the year's best films.,positive
"Complete trash. The script was lazy, the acting was poor, and the ending was infuriating.",negative
"Boring, predictable, and utterly forgettable. A total waste of talented actors.",negative
A truly exceptional film. The direction is impeccable and the story is deeply moving.,positive
Exceptional filmmaking at its finest. A story that will stay with you long after watching.,positive
Absolutely dreadful. The story was incoherent and the characters were completely unlikeable.,negative
"What a wonderful film! Heartfelt, funny, and genuinely moving. I cried at the end.",positive
"Poor direction, worse acting, and a storyline that made absolutely no sense whatsoever. Truly awful.",negative
"A feel-good movie that delivers on every level. Funny, sweet, and genuinely entertaining.",positive
One of the best films I have ever seen. The cinematography was breathtaking and the characters were so well developed. Perfect entertainment.,positive
One of the most engaging films I have watched in years. Highly recommended to everyone.,positive
I cannot believe how bad this film was. Two hours of my life I will never get back. Avoid at all costs.,negative
I regret watching this. Two hours of confused storytelling and mediocre performances. Avoid at all costs.,negative
A disaster from start to finish. Nothing about this film worked at any level. Skip this one.,negative
"A complete mess of a movie. Incoherent plot, flat characters, and a truly awful ending. Skip this one.",negative
This movie was absolutely fantastic! The acting was superb and the storyline kept me hooked from start to finish.,positive
The plot was ridiculous and the characters made no sense. I could not connect with anyone. Complete waste of money.,negative
Superb acting and a fantastic script make this one of the year's best films. Would watch again.,positive
"Boring, predictable, and utterly forgettable. A total waste of talented actors. Skip this one.",negative
I was completely captivated from the opening scene to the final credits. Truly brilliant.,positive
"A complete mess of a movie. Incoherent plot, flat characters, and a truly awful ending. Skip this one.",negative
A truly exceptional film. The direction is impeccable and the story is deeply moving. Perfect entertainment.,positive
I regret watching this. Two hours of confused storytelling and mediocre performances.,negative
This movie was a complete waste of time. The plot made no sense and the acting was terrible. Truly awful.,negative
A masterpiece of modern cinema. The director did an incredible job bringing the story to life. Highly recommended!,positive
Loved this movie! Great plot twists and superb acting throughout the entire film. Would watch again.,positive
"The acting was wooden, the dialogue was awful, and the plot had more holes than Swiss cheese.",negative
Exceptional filmmaking at its finest. A story that will stay with you long after watching.,positive
The best movie of the year without a doubt. Everything about it was perfect.,positive
"Complete trash. The script was lazy, the acting was poor, and the ending was infuriating. Complete waste of money.",negative
One of the most engaging films I have watched in years. Highly recommended to everyone.,positive
One of the best films I have ever seen. The cinematography was breathtaking and the characters were so well developed.,positive
"What a wonderful film! Heartfelt, funny, and genuinely moving. I cried at the end.",positive
One of the most boring films ever made. Nothing happens and there is no reason to care. Avoid at all costs.,negative
Brilliant storytelling with great performances. The movie kept me on the edge of my seat the whole time. Great film overall.,positive
"An absolute joy to watch. The film is funny, touching, and brilliantly acted. Would watch again.",positive
I wanted to leave the cinema halfway through. This film was a massive disappointment. Truly awful.,negative
"Complete trash. The script was lazy, the acting was poor, and the ending was infuriating.",negative
The chemistry between the lead actors was electric. A thoroughly enjoyable film. Highly recommended!,positive
The movie was perfectly paced with excellent performances and a compelling narrative.,positive
The plot was ridiculous and the characters made no sense. I could not connect with anyone.,negative
"Poor direction, worse acting, and a storyline that made absolutely no sense whatsoever.",negative
This was painful to watch. The storyline was nonsensical and the acting was cringe-worthy.,negative
This film was an absolute chore to sit through. Boring from beginning to end. Truly awful.,negative
I was completely captivated from the opening scene to the final credits. Truly brilliant. Would watch again.,positive
"What a wonderful film! Heartfelt, funny, and genuinely moving. I cried at the end.",positive
"A complete mess of a movie. Incoherent plot, flat characters, and a truly awful ending.",negative
I regret watching this. Two hours of confused storytelling and mediocre performances.,negative
A total disappointment. Nothing worked in this film and it was painfully slow throughout. Do not bother watching.,negative
"This film is a gem. Smart, funny, and emotionally powerful all at once.",positive
"Boring, predictable, and utterly forgettable. A total waste of talented actors. Do not bother watching.",negative
One of the most engaging films I have watched in years. Highly recommended to everyone. Great film overall.,positive
Exceptional filmmaking at its finest. A story that will stay with you long after watching. Would watch again.,positive
"A beautiful film that tells an important story with grace, humor, and emotional depth.",positive
A masterpiece of modern cinema. The director did an incredible job bringing the story to life.,positive
"A complete mess of a movie. Incoherent plot, flat characters, and a truly awful ending. Complete waste of money.",negative
One of the worst films I have ever had the misfortune of watching. Boring and poorly made. Skip this one.,negative
The worst movie I have seen this year. Poorly written with terrible performances throughout. Skip this one.,negative
One of the most engaging films I have watched in years. Highly recommended to everyone.,positive
This was painful to watch. The storyline was nonsensical and the acting was cringe-worthy. Skip this one.,negative
"Complete trash. The script was lazy, the acting was poor, and the ending was infuriating. Complete waste of money.",negative
Superb acting and a fantastic script make this one of the year's best films. Highly recommended!,positive
"What a wonderful film! Heartfelt, funny, and genuinely moving. I cried at the end. Perfect entertainment.",positive
I regret watching this. Two hours of confused storytelling and mediocre performances.,negative
"The special effects looked cheap, the story was weak, and the acting was unconvincing.",negative
"A complete mess of a movie. Incoherent plot, flat characters, and a truly awful ending.",negative
This movie was a complete waste of time. The plot made no sense and the acting was terrible. Complete waste of money.,negative
The chemistry between the lead actors was electric. A thoroughly enjoyable film.,positive
A truly exceptional film. The direction is impeccable and the story is deeply moving.,positive
"Poor direction, worse acting, and a storyline that made absolutely no sense whatsoever. Do not bother watching.",negative
Superb acting and a fantastic script make this one of the year's best films. A true classic.,positive
"An absolute joy to watch. The film is funny, touching, and brilliantly acted.",positive
A total disappointment. Nothing worked in this film and it was painfully slow throughout.,negative
"An absolute joy to watch. The film is funny, touching, and brilliantly acted. Great film overall.",positive
This movie was absolutely fantastic! The acting was superb and the storyline kept me hooked from start to finish.,positive
One of the best films I have ever seen. The cinematography was breathtaking and the characters were so well developed. Highly recommended!,positive
A disaster from start to finish. Nothing about this film worked at any level. Truly awful.,negative
"A complete mess of a movie. Incoherent plot, flat characters, and a truly awful ending. Do not bother watching.",negative
"What a wonderful film! Heartfelt, funny, and genuinely moving. I cried at the end.",positive
One of the most boring films ever made. Nothing happens and there is no reason to care.,negative
This movie blew me away. The special effects were incredible and the story was riveting. A true classic.,positive
The movie was perfectly paced with excellent performances and a compelling narrative. Highly recommended!,positive
"The acting was wooden, the dialogue was awful, and the plot had more holes than Swiss cheese. Skip this one.",negative
"This film is a gem. Smart, funny, and emotionally powerful all at once.",positive
"The acting was wooden, the dialogue was awful, and the plot had more holes than Swiss cheese. Do not bother watching.",negative
Fantastic movie with a great story and wonderful characters that you really care about.,positive
"What a wonderful film! Heartfelt, funny, and genuinely moving. I cried at the end.",positive
Save your time and avoid this film. It is easily one of the worst of the decade. Avoid at all costs.,negative
Awful in every way. The director clearly had no idea what kind of movie they wanted to make.,negative
I regret watching this. Two hours of confused storytelling and mediocre performances.,negative
This movie was a complete waste of time. The plot made no sense and the acting was terrible.,negative
"Poor direction, worse acting, and a storyline that made absolutely no sense whatsoever. Do not bother watching.",negative
Fantastic movie with a great story and wonderful characters that you really care about. Highly recommended!,positive
I regret watching this. Two hours of confused storytelling and mediocre performances. Do not bother watching.,negative
Awful in every way. The director clearly had no idea what kind of movie they wanted to make.,negative
Simply amazing. This movie exceeded all my expectations and left me wanting more. Great film overall.,positive
Absolutely dreadful. The story was incoherent and the characters were completely unlikeable.,negative
"Dull, slow, and painfully uninteresting. I fell asleep twice during this movie. Do not bother watching.",negative
"The special effects looked cheap, the story was weak, and the acting was unconvincing. Avoid at all costs.",negative
"The special effects looked cheap, the story was weak, and the acting was unconvincing. Complete waste of money.",negative
The worst movie I have seen this year. Poorly written with terrible performances throughout.,negative
Awful in every way. The director clearly had no idea what kind of movie they wanted to make. Do not bother watching.,negative
Awful in every way. The director clearly had no idea what kind of movie they wanted to make.,negative
The movie was perfectly paced with excellent performances and a compelling narrative.,positive
Exceptional filmmaking at its finest. A story that will stay with you long after watching. Perfect entertainment.,positive
"A complete mess of a movie. Incoherent plot, flat characters, and a truly awful ending.",negative
"An absolute joy to watch. The film is funny, touching, and brilliantly acted. Great film overall.",positive
I loved every minute of this film. The performances were outstanding and the script was brilliant.,positive
"A beautiful film that tells an important story with grace, humor, and emotional depth. A true classic.",positive
One of the best films I have ever seen. The cinematography was breathtaking and the characters were so well developed. Perfect entertainment.,positive
Awful in every way. The director clearly had no idea what kind of movie they wanted to make.,negative
I regret watching this. Two hours of confused storytelling and mediocre performances.,negative
"A complete mess of a movie. Incoherent plot, flat characters, and a truly awful ending. Avoid at all costs.",negative
I loved every minute of this film. The performances were outstanding and the script was brilliant.,positive
This was painful to watch. The storyline was nonsensical and the acting was cringe-worthy. Skip this one.,negative
Fantastic movie with a great story and wonderful characters that you really care about.,positive
Superb acting and a fantastic script make this one of the year's best films. Great film overall.,positive
One of the most engaging films I have watched in years. Highly recommended to everyone. Great film overall.,positive
I was completely captivated from the opening scene to the final credits. Truly brilliant.,positive
A masterpiece of modern cinema. The director did an incredible job bringing the story to life. Would watch again.,positive
This movie had so much potential but wasted it completely. Deeply disappointing result. Avoid at all costs.,negative
Beautifully crafted movie with stunning visuals and an emotional story that resonates deeply.,positive
This movie was a complete waste of time. The plot made no sense and the acting was terrible. Skip this one.,negative
A masterpiece of modern cinema. The director did an incredible job bringing the story to life. Perfect entertainment.,positive
"What a wonderful film! Heartfelt, funny, and genuinely moving. I cried at the end.",positive
This movie was absolutely fantastic! The acting was superb and the storyline kept me hooked from start to finish. A true classic.,positive
This movie blew me away. The special effects were incredible and the story was riveting. Highly recommended!,positive
The chemistry between the lead actors was electric. A thoroughly enjoyable film.,positive
I cannot believe how bad this film was. Two hours of my life I will never get back. Avoid at all costs.,negative
A truly exceptional film. The direction is impeccable and the story is deeply moving.,positive
A total disappointment. Nothing worked in this film and it was painfully slow throughout. Complete waste of money.,negative
This movie was absolutely fantastic! The acting was superb and the storyline kept me hooked from start to finish.,positive
A total disappointment. Nothing worked in this film and it was painfully slow throughout.,negative
The worst movie I have seen this year. Poorly written with terrible performances throughout. Truly awful.,negative
Incredible performances by the entire cast. The story was gripping and emotional. Perfect entertainment.,positive
"Poor direction, worse acting, and a storyline that made absolutely no sense whatsoever.",negative
I loved every minute of this film. The performances were outstanding and the script was brilliant.,positive
"A feel-good movie that delivers on every level. Funny, sweet, and genuinely entertaining.",positive
Superb acting and a fantastic script make this one of the year's best films. Highly recommended!,positive
This movie had so much potential but wasted it completely. Deeply disappointing result. Truly awful.,negative
"Boring, predictable, and utterly forgettable. A total waste of talented actors.",negative
"The acting was wooden, the dialogue was awful, and the plot had more holes than Swiss cheese.",negative
One of the best films I have ever seen. The cinematography was breathtaking and the characters were so well developed. Would watch again.,positive
"A complete mess of a movie. Incoherent plot, flat characters, and a truly awful ending. Avoid at all costs.",negative
"Dull, slow, and painfully uninteresting. I fell asleep twice during this movie. Complete waste of money.",negative
Incredible performances by the entire cast. The story was gripping and emotional. Perfect entertainment.,positive
"Complete trash. The script was lazy, the acting was poor, and the ending was infuriating.",negative
The best movie of the year without a doubt. Everything about it was perfect.,positive
One of the most engaging films I have watched in years. Highly recommended to everyone.,positive
The plot was ridiculous and the characters made no sense. I could not connect with anyone.,negative
I regret watching this. Two hours of confused storytelling and mediocre performances.,negative
One of the most boring films ever made. Nothing happens and there is no reason to care. Truly awful.,negative
One of the worst films I have ever had the misfortune of watching. Boring and poorly made. Do not bother watching.,negative
This movie had so much potential but wasted it completely. Deeply disappointing result.,negative
This film was an absolute chore to sit through. Boring from beginning to end.,negative
"A beautiful film that tells an important story with grace, humor, and emotional depth.",positive
This movie was absolutely fantastic! The acting was superb and the storyline kept me hooked from start to finish. Perfect entertainment.,positive
"This film is a gem. Smart, funny, and emotionally powerful all at once. A true classic.",positive
I regret watching this. Two hours of confused storytelling and mediocre performances. Do not bother watching.,negative
I cannot believe how bad this film was. Two hours of my life I will never get back.,negative
One of the most boring films ever made. Nothing happens and there is no reason to care. Skip this one.,negative
One of the most engaging films I have watched in years. Highly recommended to everyone. Great film overall.,positive
I wanted to leave the cinema halfway through. This film was a massive disappointment. Truly awful.,negative
Terrible script with laughably bad dialogue. The actors seemed embarrassed to say their lines.,negative
Awful in every way. The director clearly had no idea what kind of movie they wanted to make.,negative
A truly exceptional film. The direction is impeccable and the story is deeply moving.,positive
Superb acting and a fantastic script make this one of the year's best films. Perfect entertainment.,positive
"This film is a gem. Smart, funny, and emotionally powerful all at once.",positive
"Complete trash. The script was lazy, the acting was poor, and the ending was infuriating.",negative
The best movie of the year without a doubt. Everything about it was perfect.,positive
This movie blew me away. The special effects were incredible and the story was riveting. A true classic.,positive
A masterpiece of modern cinema. The director did an incredible job bringing the story to life. Would watch again.,positive
"An absolute joy to watch. The film is funny, touching, and brilliantly acted.",positive
I loved every minute of this film. The performances were outstanding and the script was brilliant. Great film overall.,positive
"Poor direction, worse acting, and a storyline that made absolutely no sense whatsoever. Avoid at all costs.",negative
I cannot believe how bad this film was. Two hours of my life I will never get back. Skip this one.,negative
The chemistry between the lead actors was electric. A thoroughly enjoyable film. Perfect entertainment.,positive
A truly exceptional film. The direction is impeccable and the story is deeply moving.,positive
"A feel-good movie that delivers on every level. Funny, sweet, and genuinely entertaining. Perfect entertainment.",positive
I wanted to leave the cinema halfway through. This film was a massive disappointment. Do not bother watching.,negative
Superb acting and a fantastic script make this one of the year's best films.,positive
I wanted to leave the cinema halfway through. This film was a massive disappointment. Do not bother watching.,negative
"This film is a gem. Smart, funny, and emotionally powerful all at once. Highly recommended!",positive
This is a must-watch film. The acting is top-notch and the plot is engaging throughout. Great film overall.,positive
I loved every minute of this film. The performances were outstanding and the script was brilliant. Perfect entertainment.,positive
I cannot believe how bad this film was. Two hours of my life I will never get back. Complete waste of money.,negative
This movie blew me away. The special effects were incredible and the story was riveting. Would watch again.,positive
A masterpiece of modern cinema. The director did an incredible job bringing the story to life. Great film overall.,positive
Exceptional filmmaking at its finest. A story that will stay with you long after watching. Perfect entertainment.,positive
I loved every minute of this film. The performances were outstanding and the script was brilliant. Great film overall.,positive
Superb acting and a fantastic script make this one of the year's best films.,positive
One of the most boring films ever made. Nothing happens and there is no reason to care.,negative
Brilliant storytelling with great performances. The movie kept me on the edge of my seat the whole time. Highly recommended!,positive
One of the best films I have ever seen. The cinematography was breathtaking and the characters were so well developed.,positive
Awful in every way. The director clearly had no idea what kind of movie they wanted to make.,negative
"A complete mess of a movie. Incoherent plot, flat characters, and a truly awful ending. Avoid at all costs.",negative
Beautifully crafted movie with stunning visuals and an emotional story that resonates deeply. Great film overall.,positive
Brilliant storytelling with great performances. The movie kept me on the edge of my seat the whole time. Perfect entertainment.,positive
Brilliant storytelling with great performances. The movie kept me on the edge of my seat the whole time.,positive
This is a must-watch film. The acting is top-notch and the plot is engaging throughout.,positive
I loved every minute of this film. The performances were outstanding and the script was brilliant. Perfect entertainment.,positive
I cannot believe how bad this film was. Two hours of my life I will never get back.,negative
This movie blew me away. The special effects were incredible and the story was riveting.,positive
"The special effects looked cheap, the story was weak, and the acting was unconvincing. Truly awful.",negative
"The special effects looked cheap, the story was weak, and the acting was unconvincing. Do not bother watching.",negative
This movie blew me away. The special effects were incredible and the story was riveting.,positive
Exceptional filmmaking at its finest. A story that will stay with you long after watching.,positive
A truly exceptional film. The direction is impeccable and the story is deeply moving.,positive
Brilliant storytelling with great performances. The movie kept me on the edge of my seat the whole time. Would watch again.,positive
A total disappointment. Nothing worked in this film and it was painfully slow throughout. Avoid at all costs.,negative
This is a must-watch film. The acting is top-notch and the plot is engaging throughout.,positive
"An absolute joy to watch. The film is funny, touching, and brilliantly acted. Highly recommended!",positive
A disaster from start to finish. Nothing about this film worked at any level. Avoid at all costs.,negative
"Terrible movie. Bad acting, bad writing, and a complete lack of direction or purpose. Skip this one.",negative
The best movie of the year without a doubt. Everything about it was perfect.,positive
"What a wonderful film! Heartfelt, funny, and genuinely moving. I cried at the end. A true classic.",positive
Terrible script with laughably bad dialogue. The actors seemed embarrassed to say their lines. Complete waste of money.,negative
One of the most boring films ever made. Nothing happens and there is no reason to care. Truly awful.,negative
Simply amazing. This movie exceeded all my expectations and left me wanting more. A true classic.,positive
This was painful to watch. The storyline was nonsensical and the acting was cringe-worthy.,negative
"An absolute joy to watch. The film is funny, touching, and brilliantly acted. Highly recommended!",positive
"The acting was wooden, the dialogue was awful, and the plot had more holes than Swiss cheese.",negative
This movie had so much potential but wasted it completely. Deeply disappointing result. Do not bother watching.,negative
The best movie of the year without a doubt. Everything about it was perfect.,positive
This is a must-watch film. The acting is top-notch and the plot is engaging throughout.,positive
"The special effects looked cheap, the story was weak, and the acting was unconvincing. Skip this one.",negative
The best movie of the year without a doubt. Everything about it was perfect.,positive
I wanted to leave the cinema halfway through. This film was a massive disappointment.,negative
This movie blew me away. The special effects were incredible and the story was riveting. Great film overall.,positive
"This film is a gem. Smart, funny, and emotionally powerful all at once. Would watch again.",positive
I wanted to leave the cinema halfway through. This film was a massive disappointment.,negative
Brilliant storytelling with great performances. The movie kept me on the edge of my seat the whole time. Perfect entertainment.,positive
Loved this movie! Great plot twists and superb acting throughout the entire film.,positive
"An absolute joy to watch. The film is funny, touching, and brilliantly acted.",positive
"Poor direction, worse acting, and a storyline that made absolutely no sense whatsoever. Do not bother watching.",negative
"An absolute joy to watch. The film is funny, touching, and brilliantly acted. Highly recommended!",positive
"A beautiful film that tells an important story with grace, humor, and emotional depth. Great film overall.",positive
Superb acting and a fantastic script make this one of the year's best films. Highly recommended!,positive
"Poor direction, worse acting, and a storyline that made absolutely no sense whatsoever. Avoid at all costs.",negative
This movie was a complete waste of time. The plot made no sense and the acting was terrible. Skip this one.,negative
This movie blew me away. The special effects were incredible and the story was riveting. Perfect entertainment.,positive
"An absolute joy to watch. The film is funny, touching, and brilliantly acted. Highly recommended!",positive
This movie had so much potential but wasted it completely. Deeply disappointing result.,negative
This movie was a complete waste of time. The plot made no sense and the acting was terrible.,negative
I cannot believe how bad this film was. Two hours of my life I will never get back.,negative
The movie was perfectly paced with excellent performances and a compelling narrative.,positive
"The acting was wooden, the dialogue was awful, and the plot had more holes than Swiss cheese.",negative
One of the worst films I have ever had the misfortune of watching. Boring and poorly made.,negative
The movie was perfectly paced with excellent performances and a compelling narrative. Would watch again.,positive
"A feel-good movie that delivers on every level. Funny, sweet, and genuinely entertaining.",positive
I loved every minute of this film. The performances were outstanding and the script was brilliant. A true classic.,positive
Incredible performances by the entire cast. The story was gripping and emotional. Great film overall.,positive
"This film is a gem. Smart, funny, and emotionally powerful all at once. Great film overall.",positive
I loved every minute of this film. The performances were outstanding and the script was brilliant.,positive
"Dull, slow, and painfully uninteresting. I fell asleep twice during this movie. Truly awful.",negative
I regret watching this. Two hours of confused storytelling and mediocre performances. Truly awful.,negative
This was painful to watch. The storyline was nonsensical and the acting was cringe-worthy.,negative
"A feel-good movie that delivers on every level. Funny, sweet, and genuinely entertaining. Highly recommended!",positive
The chemistry between the lead actors was electric. A thoroughly enjoyable film.,positive
Simply amazing. This movie exceeded all my expectations and left me wanting more.,positive
"Boring, predictable, and utterly forgettable. A total waste of talented actors. Complete waste of money.",negative
"A complete mess of a movie. Incoherent plot, flat characters, and a truly awful ending. Complete waste of money.",negative
Save your time and avoid this film. It is easily one of the worst of the decade. Truly awful.,negative
"This film is a gem. Smart, funny, and emotionally powerful all at once. Perfect entertainment.",positive
"What a wonderful film! Heartfelt, funny, and genuinely moving. I cried at the end.",positive
A masterpiece of modern cinema. The director did an incredible job bringing the story to life.,positive
Beautifully crafted movie with stunning visuals and an emotional story that resonates deeply. Highly recommended!,positive
"Complete trash. The script was lazy, the acting was poor, and the ending was infuriating.",negative
I loved every minute of this film. The performances were outstanding and the script was brilliant.,positive
One of the most boring films ever made. Nothing happens and there is no reason to care. Avoid at all costs.,negative
A truly exceptional film. The direction is impeccable and the story is deeply moving. A true classic.,positive
Absolutely dreadful. The story was incoherent and the characters were completely unlikeable. Skip this one.,negative
Beautifully crafted movie with stunning visuals and an emotional story that resonates deeply.,positive
"Dull, slow, and painfully uninteresting. I fell asleep twice during this movie. Skip this one.",negative
This movie was absolutely fantastic! The acting was superb and the storyline kept me hooked from start to finish.,positive
Fantastic movie with a great story and wonderful characters that you really care about. Perfect entertainment.,positive
"A feel-good movie that delivers on every level. Funny, sweet, and genuinely entertaining.",positive
"Boring, predictable, and utterly forgettable. A total waste of talented actors.",negative
"Complete trash. The script was lazy, the acting was poor, and the ending was infuriating. Skip this one.",negative
This was painful to watch. The storyline was nonsensical and the acting was cringe-worthy.,negative
This movie was absolutely fantastic! The acting was superb and the storyline kept me hooked from start to finish. Great film overall.,positive
The best movie of the year without a doubt. Everything about it was perfect.,positive
"A beautiful film that tells an important story with grace, humor, and emotional depth. Great film overall.",positive
Beautifully crafted movie with stunning visuals and an emotional story that resonates deeply. Perfect entertainment.,positive
A masterpiece of modern cinema. The director did an incredible job bringing the story to life. A true classic.,positive
This movie was a complete waste of time. The plot made no sense and the acting was terrible. Truly awful.,negative
Simply amazing. This movie exceeded all my expectations and left me wanting more.,positive
A disaster from start to finish. Nothing about this film worked at any level.,negative
The best movie of the year without a doubt. Everything about it was perfect. Would watch again.,positive
Simply amazing. This movie exceeded all my expectations and left me wanting more.,positive
This was painful to watch. The storyline was nonsensical and the acting was cringe-worthy.,negative
Simply amazing. This movie exceeded all my expectations and left me wanting more.,positive
"The special effects looked cheap, the story was weak, and the acting was unconvincing.",negative
"Poor direction, worse acting, and a storyline that made absolutely no sense whatsoever.",negative
"A feel-good movie that delivers on every level. Funny, sweet, and genuinely entertaining. Would watch again.",positive
Terrible script with laughably bad dialogue. The actors seemed embarrassed to say their lines.,negative
I was completely captivated from the opening scene to the final credits. Truly brilliant. Highly recommended!,positive
One of the most boring films ever made. Nothing happens and there is no reason to care. Truly awful.,negative
A total disappointment. Nothing worked in this film and it was painfully slow throughout. Truly awful.,negative
One of the most engaging films I have watched in years. Highly recommended to everyone.,positive
The chemistry between the lead actors was electric. A thoroughly enjoyable film. A true classic.,positive
One of the most engaging films I have watched in years. Highly recommended to everyone.,positive
A disaster from start to finish. Nothing about this film worked at any level. Do not bother watching.,negative
Incredible performances by the entire cast. The story was gripping and emotional.,positive
Absolutely dreadful. The story was incoherent and the characters were completely unlikeable. Avoid at all costs.,negative
"This film is a gem. Smart, funny, and emotionally powerful all at once. Highly recommended!",positive
I cannot believe how bad this film was. Two hours of my life I will never get back.,negative
Incredible performances by the entire cast. The story was gripping and emotional. Perfect entertainment.,positive
I cannot believe how bad this film was. Two hours of my life I will never get back.,negative
Terrible script with laughably bad dialogue. The actors seemed embarrassed to say their lines. Do not bother watching.,negative
This movie blew me away. The special effects were incredible and the story was riveting.,positive
Awful in every way. The director clearly had no idea what kind of movie they wanted to make. Avoid at all costs.,negative
"The special effects looked cheap, the story was weak, and the acting was unconvincing.",negative
I cannot believe how bad this film was. Two hours of my life I will never get back.,negative
"Boring, predictable, and utterly forgettable. A total waste of talented actors. Avoid at all costs.",negative
Save your time and avoid this film. It is easily one of the worst of the decade.,negative
"What a wonderful film! Heartfelt, funny, and genuinely moving. I cried at the end. Would watch again.",positive
A truly exceptional film. The direction is impeccable and the story is deeply moving.,positive
A disaster from start to finish. Nothing about this film worked at any level.,negative
Incredible performances by the entire cast. The story was gripping and emotional. A true classic.,positive
The plot was ridiculous and the characters made no sense. I could not connect with anyone. Avoid at all costs.,negative
"A beautiful film that tells an important story with grace, humor, and emotional depth. Great film overall.",positive
A truly exceptional film. The direction is impeccable and the story is deeply moving.,positive
Simply amazing. This movie exceeded all my expectations and left me wanting more.,positive
"Poor direction, worse acting, and a storyline that made absolutely no sense whatsoever. Skip this one.",negative
Fantastic movie with a great story and wonderful characters that you really care about. A true classic.,positive
This is a must-watch film. The acting is top-notch and the plot is engaging throughout. A true classic.,positive
"What a wonderful film! Heartfelt, funny, and genuinely moving. I cried at the end. Would watch again.",positive
Superb acting and a fantastic script make this one of the year's best films. Perfect entertainment.,positive
Superb acting and a fantastic script make this one of the year's best films. Perfect entertainment.,positive
This movie was absolutely fantastic! The acting was superb and the storyline kept me hooked from start to finish. A true classic.,positive
Simply amazing. This movie exceeded all my expectations and left me wanting more.,positive
I loved every minute of this film. The performances were outstanding and the script was brilliant. Highly recommended!,positive
Fantastic movie with a great story and wonderful characters that you really care about. Would watch again.,positive
Brilliant storytelling with great performances. The movie kept me on the edge of my seat the whole time. A true classic.,positive
Brilliant storytelling with great performances. The movie kept me on the edge of my seat the whole time. A true classic.,positive
"A complete mess of a movie. Incoherent plot, flat characters, and a truly awful ending.",negative
This movie was a complete waste of time. The plot made no sense and the acting was terrible. Skip this one.,negative
Exceptional filmmaking at its finest. A story that will stay with you long after watching. A true classic.,positive
Terrible script with laughably bad dialogue. The actors seemed embarrassed to say their lines.,negative
Superb acting and a fantastic script make this one of the year's best films.,positive
"This film is a gem. Smart, funny, and emotionally powerful all at once. A true classic.",positive
This movie was absolutely fantastic! The acting was superb and the storyline kept me hooked from start to finish.,positive
The worst movie I have seen this year. Poorly written with terrible performances throughout.,negative
This is a must-watch film. The acting is top-notch and the plot is engaging throughout.,positive
"Dull, slow, and painfully uninteresting. I fell asleep twice during this movie. Complete waste of money.",negative
I was completely captivated from the opening scene to the final credits. Truly brilliant. Perfect entertainment.,positive
Awful in every way. The director clearly had no idea what kind of movie they wanted to make.,negative
A total disappointment. Nothing worked in this film and it was painfully slow throughout. Do not bother watching.,negative
One of the worst films I have ever had the misfortune of watching. Boring and poorly made. Avoid at all costs.,negative
Superb acting and a fantastic script make this one of the year's best films.,positive
The chemistry between the lead actors was electric. A thoroughly enjoyable film.,positive
Fantastic movie with a great story and wonderful characters that you really care about. Would watch again.,positive
"Complete trash. The script was lazy, the acting was poor, and the ending was infuriating.",negative
"A beautiful film that tells an important story with grace, humor, and emotional depth. Great film overall.",positive
Exceptional filmmaking at its finest. A story that will stay with you long after watching. Highly recommended!,positive
One of the best films I have ever seen. The cinematography was breathtaking and the characters were so well developed.,positive
"Poor direction, worse acting, and a storyline that made absolutely no sense whatsoever. Complete waste of money.",negative
One of the most engaging films I have watched in years. Highly recommended to everyone.,positive
Fantastic movie with a great story and wonderful characters that you really care about. Great film overall.,positive
"A complete mess of a movie. Incoherent plot, flat characters, and a truly awful ending. Complete waste of money.",negative
"This film is a gem. Smart, funny, and emotionally powerful all at once.",positive
Exceptional filmmaking at its finest. A story that will stay with you long after watching. A true classic.,positive
"An absolute joy to watch. The film is funny, touching, and brilliantly acted.",positive
Brilliant storytelling with great performances. The movie kept me on the edge of my seat the whole time.,positive
Terrible script with laughably bad dialogue. The actors seemed embarrassed to say their lines. Complete waste of money.,negative
The best movie of the year without a doubt. Everything about it was perfect.,positive
Awful in every way. The director clearly had no idea what kind of movie they wanted to make.,negative
"Terrible movie. Bad acting, bad writing, and a complete lack of direction or purpose. Truly awful.",negative
The best movie of the year without a doubt. Everything about it was perfect.,positive
"Dull, slow, and painfully uninteresting. I fell asleep twice during this movie. Avoid at all costs.",negative
This film was an absolute chore to sit through. Boring from beginning to end.,negative
This is a must-watch film. The acting is top-notch and the plot is engaging throughout. A true classic.,positive
This movie was absolutely fantastic! The acting was superb and the storyline kept me hooked from start to finish.,positive
The plot was ridiculous and the characters made no sense. I could not connect with anyone. Truly awful.,negative
One of the worst films I have ever had the misfortune of watching. Boring and poorly made. Skip this one.,negative
One of the worst films I have ever had the misfortune of watching. Boring and poorly made. Complete waste of money.,negative
The worst movie I have seen this year. Poorly written with terrible performances throughout. Do not bother watching.,negative
Loved this movie! Great plot twists and superb acting throughout the entire film.,positive
Beautifully crafted movie with stunning visuals and an emotional story that resonates deeply.,positive
Save your time and avoid this film. It is easily one of the worst of the decade. Truly awful.,negative
A truly exceptional film. The direction is impeccable and the story is deeply moving. Great film overall.,positive
A disaster from start to finish. Nothing about this film worked at any level.,negative
"The acting was wooden, the dialogue was awful, and the plot had more holes than Swiss cheese.",negative
The chemistry between the lead actors was electric. A thoroughly enjoyable film.,positive
"An absolute joy to watch. The film is funny, touching, and brilliantly acted. A true classic.",positive
"The special effects looked cheap, the story was weak, and the acting was unconvincing. Truly awful.",negative
I cannot believe how bad this film was. Two hours of my life I will never get back.,negative
"Terrible movie. Bad acting, bad writing, and a complete lack of direction or purpose. Do not bother watching.",negative
Awful in every way. The director clearly had no idea what kind of movie they wanted to make. Avoid at all costs.,negative
Exceptional filmmaking at its finest. A story that will stay with you long after watching. Highly recommended!,positive
"An absolute joy to watch. The film is funny, touching, and brilliantly acted.",positive
Simply amazing. This movie exceeded all my expectations and left me wanting more. Perfect entertainment.,positive
I loved every minute of this film. The performances were outstanding and the script was brilliant. Great film overall.,positive
Beautifully crafted movie with stunning visuals and an emotional story that resonates deeply.,positive
"An absolute joy to watch. The film is funny, touching, and brilliantly acted. Would watch again.",positive
"Terrible movie. Bad acting, bad writing, and a complete lack of direction or purpose. Skip this one.",negative
The movie was perfectly paced with excellent performances and a compelling narrative.,positive
A total disappointment. Nothing worked in this film and it was painfully slow throughout.,negative
A disaster from start to finish. Nothing about this film worked at any level.,negative
"Boring, predictable, and utterly forgettable. A total waste of talented actors.",negative
"What a wonderful film! Heartfelt, funny, and genuinely moving. I cried at the end. Highly recommended!",positive
This is a must-watch film. The acting is top-notch and the plot is engaging throughout.,positive
Brilliant storytelling with great performances. The movie kept me on the edge of my seat the whole time.,positive
Loved this movie! Great plot twists and superb acting throughout the entire film.,positive
Terrible script with laughably bad dialogue. The actors seemed embarrassed to say their lines.,negative
This was painful to watch. The storyline was nonsensical and the acting was cringe-worthy.,negative
Simply amazing. This movie exceeded all my expectations and left me wanting more. Highly recommended!,positive
Absolutely dreadful. The story was incoherent and the characters were completely unlikeable. Truly awful.,negative
"A complete mess of a movie. Incoherent plot, flat characters, and a truly awful ending.",negative
The chemistry between the lead actors was electric. A thoroughly enjoyable film. Highly recommended!,positive
I was completely captivated from the opening scene to the final credits. Truly brilliant.,positive
Save your time and avoid this film. It is easily one of the worst of the decade. Avoid at all costs.,negative
This movie blew me away. The special effects were incredible and the story was riveting.,positive
Awful in every way. The director clearly had no idea what kind of movie they wanted to make. Truly awful.,negative
This movie had so much potential but wasted it completely. Deeply disappointing result.,negative
Fantastic movie with a great story and wonderful characters that you really care about.,positive
Brilliant storytelling with great performances. The movie kept me on the edge of my seat the whole time.,positive
The worst movie I have seen this year. Poorly written with terrible performances throughout.,negative
"A beautiful film that tells an important story with grace, humor, and emotional depth.",positive
"The special effects looked cheap, the story was weak, and the acting was unconvincing.",negative
"Terrible movie. Bad acting, bad writing, and a complete lack of direction or purpose.",negative
The best movie of the year without a doubt. Everything about it was perfect. A true classic.,positive
I wanted to leave the cinema halfway through. This film was a massive disappointment. Skip this one.,negative
Awful in every way. The director clearly had no idea what kind of movie they wanted to make.,negative
The plot was ridiculous and the characters made no sense. I could not connect with anyone.,negative
One of the most engaging films I have watched in years. Highly recommended to everyone.,positive
"Terrible movie. Bad acting, bad writing, and a complete lack of direction or purpose. Complete waste of money.",negative
Terrible script with laughably bad dialogue. The actors seemed embarrassed to say their lines. Truly awful.,negative
"Poor direction, worse acting, and a storyline that made absolutely no sense whatsoever. Complete waste of money.",negative
Brilliant storytelling with great performances. The movie kept me on the edge of my seat the whole time. Perfect entertainment.,positive
"A beautiful film that tells an important story with grace, humor, and emotional depth. Would watch again.",positive
The worst movie I have seen this year. Poorly written with terrible performances throughout. Avoid at all costs.,negative
Beautifully crafted movie with stunning visuals and an emotional story that resonates deeply. Great film overall.,positive
A truly exceptional film. The direction is impeccable and the story is deeply moving. Would watch again.,positive
The plot was ridiculous and the characters made no sense. I could not connect with anyone.,negative
Save your time and avoid this film. It is easily one of the worst of the decade.,negative
"The acting was wooden, the dialogue was awful, and the plot had more holes than Swiss cheese.",negative
Incredible performances by the entire cast. The story was gripping and emotional. Highly recommended!,positive
This movie was a complete waste of time. The plot made no sense and the acting was terrible. Do not bother watching.,negative
This film was an absolute chore to sit through. Boring from beginning to end. Do not bother watching.,negative
Incredible performances by the entire cast. The story was gripping and emotional. Would watch again.,positive
"The special effects looked cheap, the story was weak, and the acting was unconvincing. Skip this one.",negative
A disaster from start to finish. Nothing about this film worked at any level.,negative
"This film is a gem. Smart, funny, and emotionally powerful all at once.",positive
Brilliant storytelling with great performances. The movie kept me on the edge of my seat the whole time. Great film overall.,positive
I cannot believe how bad this film was. Two hours of my life I will never get back.,negative
The plot was ridiculous and the characters made no sense. I could not connect with anyone.,negative
I wanted to leave the cinema halfway through. This film was a massive disappointment. Avoid at all costs.,negative
Beautifully crafted movie with stunning visuals and an emotional story that resonates deeply.,positive
I was completely captivated from the opening scene to the final credits. Truly brilliant. Would watch again.,positive
I loved every minute of this film. The performances were outstanding and the script was brilliant. Great film overall.,positive
This was painful to watch. The storyline was nonsensical and the acting was cringe-worthy. Do not bother watching.,negative
This movie was a complete waste of time. The plot made no sense and the acting was terrible. Do not bother watching.,negative
I regret watching this. Two hours of confused storytelling and mediocre performances. Avoid at all costs.,negative
"A complete mess of a movie. Incoherent plot, flat characters, and a truly awful ending.",negative
One of the most boring films ever made. Nothing happens and there is no reason to care. Skip this one.,negative
Terrible script with laughably bad dialogue. The actors seemed embarrassed to say their lines.,negative
Exceptional filmmaking at its finest. A story that will stay with you long after watching.,positive
Simply amazing. This movie exceeded all my expectations and left me wanting more. Perfect entertainment.,positive
A truly exceptional film. The direction is impeccable and the story is deeply moving. A true classic.,positive
"The acting was wooden, the dialogue was awful, and the plot had more holes than Swiss cheese. Truly awful.",negative
One of the best films I have ever seen. The cinematography was breathtaking and the characters were so well developed.,positive
"Dull, slow, and painfully uninteresting. I fell asleep twice during this movie. Skip this one.",negative
"An absolute joy to watch. The film is funny, touching, and brilliantly acted. Highly recommended!",positive
I wanted to leave the cinema halfway through. This film was a massive disappointment.,negative
One of the worst films I have ever had the misfortune of watching. Boring and poorly made. Truly awful.,negative
Exceptional filmmaking at its finest. A story that will stay with you long after watching. Would watch again.,positive
I wanted to leave the cinema halfway through. This film was a massive disappointment. Complete waste of money.,negative
I was completely captivated from the opening scene to the final credits. Truly brilliant.,positive
I regret watching this. Two hours of confused storytelling and mediocre performances.,negative
"Complete trash. The script was lazy, the acting was poor, and the ending was infuriating. Do not bother watching.",negative
"This film is a gem. Smart, funny, and emotionally powerful all at once. Highly recommended!",positive
I loved every minute of this film. The performances were outstanding and the script was brilliant.,positive
The worst movie I have seen this year. Poorly written with terrible performances throughout.,negative
I regret watching this. Two hours of confused storytelling and mediocre performances.,negative
"Dull, slow, and painfully uninteresting. I fell asleep twice during this movie. Avoid at all costs.",negative
The movie was perfectly paced with excellent performances and a compelling narrative. A true classic.,positive
"A beautiful film that tells an important story with grace, humor, and emotional depth.",positive
"Boring, predictable, and utterly forgettable. A total waste of talented actors. Truly awful.",negative
This film was an absolute chore to sit through. Boring from beginning to end. Do not bother watching.,negative
A truly exceptional film. The direction is impeccable and the story is deeply moving. Great film overall.,positive
"Terrible movie. Bad acting, bad writing, and a complete lack of direction or purpose.",negative
"A complete mess of a movie. Incoherent plot, flat characters, and a truly awful ending. Avoid at all costs.",negative
"A complete mess of a movie. Incoherent plot, flat characters, and a truly awful ending.",negative
A masterpiece of modern cinema. The director did an incredible job bringing the story to life. Great film overall.,positive
The plot was ridiculous and the characters made no sense. I could not connect with anyone.,negative
The worst movie I have seen this year. Poorly written with terrible performances throughout. Complete waste of money.,negative
This movie had so much potential but wasted it completely. Deeply disappointing result. Avoid at all costs.,negative
Exceptional filmmaking at its finest. A story that will stay with you long after watching. Great film overall.,positive
This was painful to watch. The storyline was nonsensical and the acting was cringe-worthy. Truly awful.,negative
"The acting was wooden, the dialogue was awful, and the plot had more holes than Swiss cheese. Do not bother watching.",negative
"Boring, predictable, and utterly forgettable. A total waste of talented actors. Truly awful.",negative
I loved every minute of this film. The performances were outstanding and the script was brilliant. Perfect entertainment.,positive
The best movie of the year without a doubt. Everything about it was perfect.,positive
The plot was ridiculous and the characters made no sense. I could not connect with anyone.,negative
"A beautiful film that tells an important story with grace, humor, and emotional depth.",positive
"The special effects looked cheap, the story was weak, and the acting was unconvincing.",negative
Superb acting and a fantastic script make this one of the year's best films. Highly recommended!,positive
Awful in every way. The director clearly had no idea what kind of movie they wanted to make.,negative
Exceptional filmmaking at its finest. A story that will stay with you long after watching. Highly recommended!,positive
"A feel-good movie that delivers on every level. Funny, sweet, and genuinely entertaining. Great film overall.",positive
Save your time and avoid this film. It is easily one of the worst of the decade. Complete waste of money.,negative
"Poor direction, worse acting, and a storyline that made absolutely no sense whatsoever.",negative
A total disappointment. Nothing worked in this film and it was painfully slow throughout. Complete waste of money.,negative
A truly exceptional film. The direction is impeccable and the story is deeply moving.,positive
"This film is a gem. Smart, funny, and emotionally powerful all at once. Highly recommended!",positive
A disaster from start to finish. Nothing about this film worked at any level. Avoid at all costs.,negative
Save your time and avoid this film. It is easily one of the worst of the decade. Do not bother watching.,negative
Exceptional filmmaking at its finest. A story that will stay with you long after watching.,positive
Terrible script with laughably bad dialogue. The actors seemed embarrassed to say their lines. Skip this one.,negative
"Dull, slow, and painfully uninteresting. I fell asleep twice during this movie.",negative
"A complete mess of a movie. Incoherent plot, flat characters, and a truly awful ending.",negative
The plot was ridiculous and the characters made no sense. I could not connect with anyone. Avoid at all costs.,negative
"The acting was wooden, the dialogue was awful, and the plot had more holes than Swiss cheese. Do not bother watching.",negative
"A beautiful film that tells an important story with grace, humor, and emotional depth.",positive
Absolutely dreadful. The story was incoherent and the characters were completely unlikeable. Complete waste of money.,negative
This film was an absolute chore to sit through. Boring from beginning to end.,negative
One of the best films I have ever seen. The cinematography was breathtaking and the characters were so well developed.,positive
A truly exceptional film. The direction is impeccable and the story is deeply moving.,positive
"Boring, predictable, and utterly forgettable. A total waste of talented actors. Complete waste of money.",negative
A masterpiece of modern cinema. The director did an incredible job bringing the story to life.,positive
Exceptional filmmaking at its finest. A story that will stay with you long after watching. A true classic.,positive
A truly exceptional film. The direction is impeccable and the story is deeply moving. Perfect entertainment.,positive
One of the most engaging films I have watched in years. Highly recommended to everyone.,positive
A masterpiece of modern cinema. The director did an incredible job bringing the story to life. Great film overall.,positive
The worst movie I have seen this year. Poorly written with terrible performances throughout. Complete waste of money.,negative
The chemistry between the lead actors was electric. A thoroughly enjoyable film.,positive
"Poor direction, worse acting, and a storyline that made absolutely no sense whatsoever.",negative
Fantastic movie with a great story and wonderful characters that you really care about.,positive
"What a wonderful film! Heartfelt, funny, and genuinely moving. I cried at the end. A true classic.",positive
This movie blew me away. The special effects were incredible and the story was riveting.,positive
"The special effects looked cheap, the story was weak, and the acting was unconvincing. Skip this one.",negative
The plot was ridiculous and the characters made no sense. I could not connect with anyone.,negative
"What a wonderful film! Heartfelt, funny, and genuinely moving. I cried at the end.",positive
Brilliant storytelling with great performances. The movie kept me on the edge of my seat the whole time. A true classic.,positive
"The special effects looked cheap, the story was weak, and the acting was unconvincing.",negative
I regret watching this. Two hours of confused storytelling and mediocre performances. Avoid at all costs.,negative
The chemistry between the lead actors was electric. A thoroughly enjoyable film.,positive
I was completely captivated from the opening scene to the final credits. Truly brilliant.,positive
One of the best films I have ever seen. The cinematography was breathtaking and the characters were so well developed.,positive
Awful in every way. The director clearly had no idea what kind of movie they wanted to make.,negative
This movie blew me away. The special effects were incredible and the story was riveting. Great film overall.,positive
"An absolute joy to watch. The film is funny, touching, and brilliantly acted.",positive
The movie was perfectly paced with excellent performances and a compelling narrative.,positive
"What a wonderful film! Heartfelt, funny, and genuinely moving. I cried at the end. Perfect entertainment.",positive
Save your time and avoid this film. It is easily one of the worst of the decade. Truly awful.,negative
I wanted to leave the cinema halfway through. This film was a massive disappointment. Complete waste of money.,negative
The worst movie I have seen this year. Poorly written with terrible performances throughout.,negative
"The acting was wooden, the dialogue was awful, and the plot had more holes than Swiss cheese.",negative
Superb acting and a fantastic script make this one of the year's best films.,positive
The plot was ridiculous and the characters made no sense. I could not connect with anyone. Skip this one.,negative
Beautifully crafted movie with stunning visuals and an emotional story that resonates deeply.,positive
This film was an absolute chore to sit through. Boring from beginning to end. Truly awful.,negative
I loved every minute of this film. The performances were outstanding and the script was brilliant. Would watch again.,positive
The best movie of the year without a doubt. Everything about it was perfect.,positive
This was painful to watch. The storyline was nonsensical and the acting was cringe-worthy.,negative
A total disappointment. Nothing worked in this film and it was painfully slow throughout.,negative
Terrible script with laughably bad dialogue. The actors seemed embarrassed to say their lines. Complete waste of money.,negative
This movie had so much potential but wasted it completely. Deeply disappointing result. Avoid at all costs.,negative
Simply amazing. This movie exceeded all my expectations and left me wanting more.,positive
"This film is a gem. Smart, funny, and emotionally powerful all at once.",positive
This movie blew me away. The special effects were incredible and the story was riveting. Perfect entertainment.,positive
Terrible script with laughably bad dialogue. The actors seemed embarrassed to say their lines.,negative
A total disappointment. Nothing worked in this film and it was painfully slow throughout.,negative
One of the worst films I have ever had the misfortune of watching. Boring and poorly made.,negative
"This film is a gem. Smart, funny, and emotionally powerful all at once.",positive
Simply amazing. This movie exceeded all my expectations and left me wanting more. A true classic.,positive
The chemistry between the lead actors was electric. A thoroughly enjoyable film.,positive
This is a must-watch film. The acting is top-notch and the plot is engaging throughout. Great film overall.,positive
The worst movie I have seen this year. Poorly written with terrible performances throughout.,negative
Save your time and avoid this film. It is easily one of the worst of the decade. Do not bother watching.,negative
"Poor direction, worse acting, and a storyline that made absolutely no sense whatsoever.",negative
Awful in every way. The director clearly had no idea what kind of movie they wanted to make.,negative
"Poor direction, worse acting, and a storyline that made absolutely no sense whatsoever. Do not bother watching.",negative
"A complete mess of a movie. Incoherent plot, flat characters, and a truly awful ending. Do not bother watching.",negative
A masterpiece of modern cinema. The director did an incredible job bringing the story to life.,positive
The worst movie I have seen this year. Poorly written with terrible performances throughout. Truly awful.,negative
This movie was absolutely fantastic! The acting was superb and the storyline kept me hooked from start to finish.,positive
Absolutely dreadful. The story was incoherent and the characters were completely unlikeable. Complete waste of money.,negative
This movie was a complete waste of time. The plot made no sense and the acting was terrible. Avoid at all costs.,negative
Absolutely dreadful. The story was incoherent and the characters were completely unlikeable. Avoid at all costs.,negative
"An absolute joy to watch. The film is funny, touching, and brilliantly acted.",positive
Terrible script with laughably bad dialogue. The actors seemed embarrassed to say their lines. Do not bother watching.,negative
Superb acting and a fantastic script make this one of the year's best films.,positive
I was completely captivated from the opening scene to the final credits. Truly brilliant. A true classic.,positive
One of the most engaging films I have watched in years. Highly recommended to everyone.,positive
"Dull, slow, and painfully uninteresting. I fell asleep twice during this movie. Do not bother watching.",negative
Awful in every way. The director clearly had no idea what kind of movie they wanted to make. Do not bother watching.,negative
The chemistry between the lead actors was electric. A thoroughly enjoyable film.,positive
"A feel-good movie that delivers on every level. Funny, sweet, and genuinely entertaining.",positive
Superb acting and a fantastic script make this one of the year's best films.,positive
One of the most boring films ever made. Nothing happens and there is no reason to care.,negative
I cannot believe how bad this film was. Two hours of my life I will never get back.,negative
This movie blew me away. The special effects were incredible and the story was riveting.,positive
Fantastic movie with a great story and wonderful characters that you really care about.,positive
I cannot believe how bad this film was. Two hours of my life I will never get back.,negative
A total disappointment. Nothing worked in this film and it was painfully slow throughout. Skip this one.,negative
"What a wonderful film! Heartfelt, funny, and genuinely moving. I cried at the end.",positive
A masterpiece of modern cinema. The director did an incredible job bringing the story to life.,positive
Awful in every way. The director clearly had no idea what kind of movie they wanted to make.,negative
One of the worst films I have ever had the misfortune of watching. Boring and poorly made. Do not bother watching.,negative
Brilliant storytelling with great performances. The movie kept me on the edge of my seat the whole time.,positive
"An absolute joy to watch. The film is funny, touching, and brilliantly acted. A true classic.",positive
Beautifully crafted movie with stunning visuals and an emotional story that resonates deeply. Great film overall.,positive
Absolutely dreadful. The story was incoherent and the characters were completely unlikeable.,negative
I cannot believe how bad this film was. Two hours of my life I will never get back.,negative
Exceptional filmmaking at its finest. A story that will stay with you long after watching.,positive
"Poor direction, worse acting, and a storyline that made absolutely no sense whatsoever.",negative
"A feel-good movie that delivers on every level. Funny, sweet, and genuinely entertaining.",positive
I wanted to leave the cinema halfway through. This film was a massive disappointment.,negative
One of the most boring films ever made. Nothing happens and there is no reason to care. Skip this one.,negative
Beautifully crafted movie with stunning visuals and an emotional story that resonates deeply.,positive
"Dull, slow, and painfully uninteresting. I fell asleep twice during this movie. Skip this one.",negative
Incredible performances by the entire cast. The story was gripping and emotional.,positive
"This film is a gem. Smart, funny, and emotionally powerful all at once.",positive
Beautifully crafted movie with stunning visuals and an emotional story that resonates deeply.,positive
I wanted to leave the cinema halfway through. This film was a massive disappointment. Skip this one.,negative
The worst movie I have seen this year. Poorly written with terrible performances throughout. Avoid at all costs.,negative
I was completely captivated from the opening scene to the final credits. Truly brilliant.,positive
"This film is a gem. Smart, funny, and emotionally powerful all at once. Highly recommended!",positive
Simply amazing. This movie exceeded all my expectations and left me wanting more. Highly recommended!,positive
Loved this movie! Great plot twists and superb acting throughout the entire film. Would watch again.,positive
Superb acting and a fantastic script make this one of the year's best films. Perfect entertainment.,positive
This movie was a complete waste of time. The plot made no sense and the acting was terrible.,negative
One of the worst films I have ever had the misfortune of watching. Boring and poorly made. Skip this one.,negative
Save your time and avoid this film. It is easily one of the worst of the decade.,negative
A total disappointment. Nothing worked in this film and it was painfully slow throughout.,negative
"A complete mess of a movie. Incoherent plot, flat characters, and a truly awful ending.",negative
"This film is a gem. Smart, funny, and emotionally powerful all at once. Perfect entertainment.",positive
"What a wonderful film! Heartfelt, funny, and genuinely moving. I cried at the end. A true classic.",positive
A truly exceptional film. The direction is impeccable and the story is deeply moving. Perfect entertainment.,positive
This movie had so much potential but wasted it completely. Deeply disappointing result. Avoid at all costs.,negative
This movie blew me away. The special effects were incredible and the story was riveting.,positive
This movie was a complete waste of time. The plot made no sense and the acting was terrible. Truly awful.,negative
One of the most engaging films I have watched in years. Highly recommended to everyone.,positive
The plot was ridiculous and the characters made no sense. I could not connect with anyone.,negative
"Boring, predictable, and utterly forgettable. A total waste of talented actors.",negative
I wanted to leave the cinema halfway through. This film was a massive disappointment. Complete waste of money.,negative
This movie blew me away. The special effects were incredible and the story was riveting.,positive
Terrible script with laughably bad dialogue. The actors seemed embarrassed to say their lines. Avoid at all costs.,negative
I was completely captivated from the opening scene to the final credits. Truly brilliant. Perfect entertainment.,positive
The plot was ridiculous and the characters made no sense. I could not connect with anyone.,negative
This was painful to watch. The storyline was nonsensical and the acting was cringe-worthy. Avoid at all costs.,negative
This movie had so much potential but wasted it completely. Deeply disappointing result.,negative
A disaster from start to finish. Nothing about this film worked at any level. Avoid at all costs.,negative
I wanted to leave the cinema halfway through. This film was a massive disappointment.,negative
Beautifully crafted movie with stunning visuals and an emotional story that resonates deeply.,positive
This movie had so much potential but wasted it completely. Deeply disappointing result.,negative
I was completely captivated from the opening scene to the final credits. Truly brilliant.,positive
Awful in every way. The director clearly had no idea what kind of movie they wanted to make.,negative
"Complete trash. The script was lazy, the acting was poor, and the ending was infuriating.",negative
Absolutely dreadful. The story was incoherent and the characters were completely unlikeable.,negative
A masterpiece of modern cinema. The director did an incredible job bringing the story to life. Perfect entertainment.,positive
Beautifully crafted movie with stunning visuals and an emotional story that resonates deeply.,positive
Terrible script with laughably bad dialogue. The actors seemed embarrassed to say their lines.,negative
"Poor direction, worse acting, and a storyline that made absolutely no sense whatsoever. Skip this one.",negative
I cannot believe how bad this film was. Two hours of my life I will never get back.,negative
I wanted to leave the cinema halfway through. This film was a massive disappointment.,negative
"Complete trash. The script was lazy, the acting was poor, and the ending was infuriating. Truly awful.",negative
"An absolute joy to watch. The film is funny, touching, and brilliantly acted. Perfect entertainment.",positive
Superb acting and a fantastic script make this one of the year's best films.,positive
One of the worst films I have ever had the misfortune of watching. Boring and poorly made. Skip this one.,negative
Loved this movie! Great plot twists and superb acting throughout the entire film.,positive
Incredible performances by the entire cast. The story was gripping and emotional.,positive
Fantastic movie with a great story and wonderful characters that you really care about. Highly recommended!,positive
"Complete trash. The script was lazy, the acting was poor, and the ending was infuriating. Skip this one.",negative
Fantastic movie with a great story and wonderful characters that you really care about.,positive
"What a wonderful film! Heartfelt, funny, and genuinely moving. I cried at the end. Highly recommended!",positive
The movie was perfectly paced with excellent performances and a compelling narrative. A true classic.,positive
Incredible performances by the entire cast. The story was gripping and emotional. Great film overall.,positive
One of the worst films I have ever had the misfortune of watching. Boring and poorly made.,negative
Simply amazing. This movie exceeded all my expectations and left me wanting more. Perfect entertainment.,positive
Superb acting and a fantastic script make this one of the year's best films. Highly recommended!,positive
The movie was perfectly paced with excellent performances and a compelling narrative.,positive
The plot was ridiculous and the characters made no sense. I could not connect with anyone.,negative
I regret watching this. Two hours of confused storytelling and mediocre performances. Do not bother watching.,negative
The worst movie I have seen this year. Poorly written with terrible performances throughout. Avoid at all costs.,negative
Terrible script with laughably bad dialogue. The actors seemed embarrassed to say their lines. Truly awful.,negative
The best movie of the year without a doubt. Everything about it was perfect.,positive
A truly exceptional film. The direction is impeccable and the story is deeply moving. A true classic.,positive
Simply amazing. This movie exceeded all my expectations and left me wanting more.,positive
I wanted to leave the cinema halfway through. This film was a massive disappointment.,negative
"A beautiful film that tells an important story with grace, humor, and emotional depth.",positive
One of the worst films I have ever had the misfortune of watching. Boring and poorly made. Avoid at all costs.,negative
I was completely captivated from the opening scene to the final credits. Truly brilliant. Would watch again.,positive
"Boring, predictable, and utterly forgettable. A total waste of talented actors. Do not bother watching.",negative
A disaster from start to finish. Nothing about this film worked at any level.,negative
Simply amazing. This movie exceeded all my expectations and left me wanting more.,positive
A disaster from start to finish. Nothing about this film worked at any level. Do not bother watching.,negative
One of the worst films I have ever had the misfortune of watching. Boring and poorly made. Skip this one.,negative
This movie had so much potential but wasted it completely. Deeply disappointing result.,negative
"The acting was wooden, the dialogue was awful, and the plot had more holes than Swiss cheese.",negative
"Dull, slow, and painfully uninteresting. I fell asleep twice during this movie. Complete waste of money.",negative
Superb acting and a fantastic script make this one of the year's best films.,positive
Beautifully crafted movie with stunning visuals and an emotional story that resonates deeply. Highly recommended!,positive
A truly exceptional film. The direction is impeccable and the story is deeply moving. Perfect entertainment.,positive
"An absolute joy to watch. The film is funny, touching, and brilliantly acted.",positive
Brilliant storytelling with great performances. The movie kept me on the edge of my seat the whole time.,positive
One of the most boring films ever made. Nothing happens and there is no reason to care.,negative
Loved this movie! Great plot twists and superb acting throughout the entire film. Great film overall.,positive
Incredible performances by the entire cast. The story was gripping and emotional.,positive
I was completely captivated from the opening scene to the final credits. Truly brilliant. Would watch again.,positive
I regret watching this. Two hours of confused storytelling and mediocre performances. Skip this one.,negative
I wanted to leave the cinema halfway through. This film was a massive disappointment. Do not bother watching.,negative
"This film is a gem. Smart, funny, and emotionally powerful all at once.",positive
The best movie of the year without a doubt. Everything about it was perfect. Great film overall.,positive
One of the best films I have ever seen. The cinematography was breathtaking and the characters were so well developed. Perfect entertainment.,positive
The chemistry between the lead actors was electric. A thoroughly enjoyable film.,positive
I was completely captivated from the opening scene to the final credits. Truly brilliant. Would watch again.,positive
"This film is a gem. Smart, funny, and emotionally powerful all at once.",positive
"An absolute joy to watch. The film is funny, touching, and brilliantly acted. Great film overall.",positive
"Complete trash. The script was lazy, the acting was poor, and the ending was infuriating. Complete waste of money.",negative
The plot was ridiculous and the characters made no sense. I could not connect with anyone. Complete waste of money.,negative
This was painful to watch. The storyline was nonsensical and the acting was cringe-worthy. Truly awful.,negative
I cannot believe how bad this film was. Two hours of my life I will never get back. Skip this one.,negative
"What a wonderful film! Heartfelt, funny, and genuinely moving. I cried at the end. Perfect entertainment.",positive
Incredible performances by the entire cast. The story was gripping and emotional.,positive
"Terrible movie. Bad acting, bad writing, and a complete lack of direction or purpose.",negative
Superb acting and a fantastic script make this one of the year's best films. Great film overall.,positive
"Complete trash. The script was lazy, the acting was poor, and the ending was infuriating.",negative
A truly exceptional film. The direction is impeccable and the story is deeply moving.,positive
"A feel-good movie that delivers on every level. Funny, sweet, and genuinely entertaining.",positive
The worst movie I have seen this year. Poorly written with terrible performances throughout.,negative
This movie was absolutely fantastic! The acting was superb and the storyline kept me hooked from start to finish. Perfect entertainment.,positive
"An absolute joy to watch. The film is funny, touching, and brilliantly acted. Highly recommended!",positive
One of the best films I have ever seen. The cinematography was breathtaking and the characters were so well developed. Highly recommended!,positive
"Dull, slow, and painfully uninteresting. I fell asleep twice during this movie.",negative
"Boring, predictable, and utterly forgettable. A total waste of talented actors. Skip this one.",negative
"Complete trash. The script was lazy, the acting was poor, and the ending was infuriating. Truly awful.",negative
This movie blew me away. The special effects were incredible and the story was riveting.,positive
A truly exceptional film. The direction is impeccable and the story is deeply moving.,positive
"This film is a gem. Smart, funny, and emotionally powerful all at once.",positive
I loved every minute of this film. The performances were outstanding and the script was brilliant.,positive
"The acting was wooden, the dialogue was awful, and the plot had more holes than Swiss cheese. Truly awful.",negative
Superb acting and a fantastic script make this one of the year's best films. Highly recommended!,positive
I loved every minute of this film. The performances were outstanding and the script was brilliant. Would watch again.,positive
"What a wonderful film! Heartfelt, funny, and genuinely moving. I cried at the end.",positive
Fantastic movie with a great story and wonderful characters that you really care about.,positive
"What a wonderful film! Heartfelt, funny, and genuinely moving. I cried at the end. Great film overall.",positive
This movie was a complete waste of time. The plot made no sense and the acting was terrible. Truly awful.,negative
I cannot believe how bad this film was. Two hours of my life I will never get back.,negative
One of the worst films I have ever had the misfortune of watching. Boring and poorly made.,negative
One of the worst films I have ever had the misfortune of watching. Boring and poorly made.,negative
Brilliant storytelling with great performances. The movie kept me on the edge of my seat the whole time.,positive
This film was an absolute chore to sit through. Boring from beginning to end.,negative
Simply amazing. This movie exceeded all my expectations and left me wanting more.,positive
This movie had so much potential but wasted it completely. Deeply disappointing result.,negative
Beautifully crafted movie with stunning visuals and an emotional story that resonates deeply. Great film overall.,positive
"A feel-good movie that delivers on every level. Funny, sweet, and genuinely entertaining. Highly recommended!",positive
I wanted to leave the cinema halfway through. This film was a massive disappointment.,negative
"This film is a gem. Smart, funny, and emotionally powerful all at once. Great film overall.",positive
"Dull, slow, and painfully uninteresting. I fell asleep twice during this movie. Truly awful.",negative
A truly exceptional film. The direction is impeccable and the story is deeply moving. A true classic.,positive
"A beautiful film that tells an important story with grace, humor, and emotional depth.",positive
Exceptional filmmaking at its finest. A story that will stay with you long after watching.,positive
This was painful to watch. The storyline was nonsensical and the acting was cringe-worthy. Avoid at all costs.,negative
This was painful to watch. The storyline was nonsensical and the acting was cringe-worthy.,negative
Fantastic movie with a great story and wonderful characters that you really care about. Would watch again.,positive
"A feel-good movie that delivers on every level. Funny, sweet, and genuinely entertaining. Great film overall.",positive
"Terrible movie. Bad acting, bad writing, and a complete lack of direction or purpose. Complete waste of money.",negative
A disaster from start to finish. Nothing about this film worked at any level.,negative
This movie had so much potential but wasted it completely. Deeply disappointing result.,negative
One of the most boring films ever made. Nothing happens and there is no reason to care.,negative
"What a wonderful film! Heartfelt, funny, and genuinely moving. I cried at the end.",positive
This movie had so much potential but wasted it completely. Deeply disappointing result. Truly awful.,negative
One of the most engaging films I have watched in years. Highly recommended to everyone.,positive
One of the worst films I have ever had the misfortune of watching. Boring and poorly made. Complete waste of money.,negative
"Terrible movie. Bad acting, bad writing, and a complete lack of direction or purpose. Complete waste of money.",negative
This film was an absolute chore to sit through. Boring from beginning to end. Skip this one.,negative
Simply amazing. This movie exceeded all my expectations and left me wanting more. Highly recommended!,positive
"Poor direction, worse acting, and a storyline that made absolutely no sense whatsoever. Complete waste of money.",negative
I wanted to leave the cinema halfway through. This film was a massive disappointment.,negative
I wanted to leave the cinema halfway through. This film was a massive disappointment. Avoid at all costs.,negative
"Poor direction, worse acting, and a storyline that made absolutely no sense whatsoever. Complete waste of money.",negative
"The special effects looked cheap, the story was weak, and the acting was unconvincing.",negative
The plot was ridiculous and the characters made no sense. I could not connect with anyone. Avoid at all costs.,negative
Exceptional filmmaking at its finest. A story that will stay with you long after watching.,positive
Loved this movie! Great plot twists and superb acting throughout the entire film. Great film overall.,positive
The plot was ridiculous and the characters made no sense. I could not connect with anyone.,negative
"Boring, predictable, and utterly forgettable. A total waste of talented actors. Avoid at all costs.",negative
I loved every minute of this film. The performances were outstanding and the script was brilliant.,positive
"An absolute joy to watch. The film is funny, touching, and brilliantly acted. Highly recommended!",positive
"A complete mess of a movie. Incoherent plot, flat characters, and a truly awful ending. Skip this one.",negative
I loved every minute of this film. The performances were outstanding and the script was brilliant.,positive
"A beautiful film that tells an important story with grace, humor, and emotional depth.",positive
"Poor direction, worse acting, and a storyline that made absolutely no sense whatsoever.",negative
One of the most engaging films I have watched in years. Highly recommended to everyone. Perfect entertainment.,positive
"A feel-good movie that delivers on every level. Funny, sweet, and genuinely entertaining.",positive
I loved every minute of this film. The performances were outstanding and the script was brilliant. A true classic.,positive
Loved this movie! Great plot twists and superb acting throughout the entire film.,positive
This movie blew me away. The special effects were incredible and the story was riveting. Highly recommended!,positive
"Terrible movie. Bad acting, bad writing, and a complete lack of direction or purpose. Truly awful.",negative
Absolutely dreadful. The story was incoherent and the characters were completely unlikeable.,negative
Awful in every way. The director clearly had no idea what kind of movie they wanted to make. Do not bother watching.,negative
I wanted to leave the cinema halfway through. This film was a massive disappointment. Avoid at all costs.,negative
A truly exceptional film. The direction is impeccable and the story is deeply moving. A true classic.,positive
This movie was absolutely fantastic! The acting was superb and the storyline kept me hooked from start to finish.,positive
"The acting was wooden, the dialogue was awful, and the plot had more holes than Swiss cheese. Do not bother watching.",negative
Superb acting and a fantastic script make this one of the year's best films.,positive
This movie was a complete waste of time. The plot made no sense and the acting was terrible. Truly awful.,negative
Awful in every way. The director clearly had no idea what kind of movie they wanted to make. Truly awful.,negative
Terrible script with laughably bad dialogue. The actors seemed embarrassed to say their lines.,negative
A truly exceptional film. The direction is impeccable and the story is deeply moving. Highly recommended!,positive
One of the worst films I have ever had the misfortune of watching. Boring and poorly made. Truly awful.,negative
The worst movie I have seen this year. Poorly written with terrible performances throughout. Skip this one.,negative
"Poor direction, worse acting, and a storyline that made absolutely no sense whatsoever. Truly awful.",negative
"Complete trash. The script was lazy, the acting was poor, and the ending was infuriating. Skip this one.",negative
One of the most engaging films I have watched in years. Highly recommended to everyone. Would watch again.,positive
One of the best films I have ever seen. The cinematography was breathtaking and the characters were so well developed.,positive
"What a wonderful film! Heartfelt, funny, and genuinely moving. I cried at the end.",positive
Loved this movie! Great plot twists and superb acting throughout the entire film. Great film overall.,positive
This film was an absolute chore to sit through. Boring from beginning to end.,negative
Beautifully crafted movie with stunning visuals and an emotional story that resonates deeply.,positive
I regret watching this. Two hours of confused storytelling and mediocre performances. Skip this one.,negative
This movie blew me away. The special effects were incredible and the story was riveting.,positive
This was painful to watch. The storyline was nonsensical and the acting was cringe-worthy.,negative
I regret watching this. Two hours of confused storytelling and mediocre performances. Complete waste of money.,negative
This film was an absolute chore to sit through. Boring from beginning to end. Do not bother watching.,negative
"The acting was wooden, the dialogue was awful, and the plot had more holes than Swiss cheese. Skip this one.",negative
I loved every minute of this film. The performances were outstanding and the script was brilliant.,positive
Awful in every way. The director clearly had no idea what kind of movie they wanted to make.,negative
Awful in every way. The director clearly had no idea what kind of movie they wanted to make.,negative
A total disappointment. Nothing worked in this film and it was painfully slow throughout.,negative
"Dull, slow, and painfully uninteresting. I fell asleep twice during this movie.",negative
The movie was perfectly paced with excellent performances and a compelling narrative. Perfect entertainment.,positive
"The special effects looked cheap, the story was weak, and the acting was unconvincing.",negative
"A complete mess of a movie. Incoherent plot, flat characters, and a truly awful ending. Do not bother watching.",negative
"What a wonderful film! Heartfelt, funny, and genuinely moving. I cried at the end.",positive
This was painful to watch. The storyline was nonsensical and the acting was cringe-worthy. Do not bother watching.,negative
"The special effects looked cheap, the story was weak, and the acting was unconvincing.",negative
"A beautiful film that tells an important story with grace, humor, and emotional depth. Great film overall.",positive
"Boring, predictable, and utterly forgettable. A total waste of talented actors.",negative
A total disappointment. Nothing worked in this film and it was painfully slow throughout.,negative
"An absolute joy to watch. The film is funny, touching, and brilliantly acted.",positive
"Terrible movie. Bad acting, bad writing, and a complete lack of direction or purpose. Do not bother watching.",negative
A masterpiece of modern cinema. The director did an incredible job bringing the story to life. A true classic.,positive
Save your time and avoid this film. It is easily one of the worst of the decade.,negative
"The special effects looked cheap, the story was weak, and the acting was unconvincing. Skip this one.",negative
"This film is a gem. Smart, funny, and emotionally powerful all at once. Would watch again.",positive
"Dull, slow, and painfully uninteresting. I fell asleep twice during this movie.",negative
The movie was perfectly paced with excellent performances and a compelling narrative.,positive
I loved every minute of this film. The performances were outstanding and the script was brilliant. Great film overall.,positive
Beautifully crafted movie with stunning visuals and an emotional story that resonates deeply. Perfect entertainment.,positive
"Poor direction, worse acting, and a storyline that made absolutely no sense whatsoever. Truly awful.",negative
The worst movie I have seen this year. Poorly written with terrible performances throughout.,negative
"What a wonderful film! Heartfelt, funny, and genuinely moving. I cried at the end. A true classic.",positive
"Dull, slow, and painfully uninteresting. I fell asleep twice during this movie. Do not bother watching.",negative
Superb acting and a fantastic script make this one of the year's best films. A true classic.,positive
This movie was absolutely fantastic! The acting was superb and the storyline kept me hooked from start to finish.,positive
This was painful to watch. The storyline was nonsensical and the acting was cringe-worthy. Skip this one.,negative
"What a wonderful film! Heartfelt, funny, and genuinely moving. I cried at the end. Highly recommended!",positive
Absolutely dreadful. The story was incoherent and the characters were completely unlikeable. Do not bother watching.,negative
Exceptional filmmaking at its finest. A story that will stay with you long after watching.,positive
Superb acting and a fantastic script make this one of the year's best films. Great film overall.,positive
"Boring, predictable, and utterly forgettable. A total waste of talented actors.",negative
Incredible performances by the entire cast. The story was gripping and emotional.,positive
The best movie of the year without a doubt. Everything about it was perfect.,positive
Absolutely dreadful. The story was incoherent and the characters were completely unlikeable. Avoid at all costs.,negative
A masterpiece of modern cinema. The director did an incredible job bringing the story to life.,positive
Simply amazing. This movie exceeded all my expectations and left me wanting more. Highly recommended!,positive
Beautifully crafted movie with stunning visuals and an emotional story that resonates deeply.,positive
The plot was ridiculous and the characters made no sense. I could not connect with anyone.,negative
Absolutely dreadful. The story was incoherent and the characters were completely unlikeable.,negative
I wanted to leave the cinema halfway through. This film was a massive disappointment.,negative
One of the most boring films ever made. Nothing happens and there is no reason to care. Complete waste of money.,negative
Superb acting and a fantastic script make this one of the year's best films.,positive
One of the most boring films ever made. Nothing happens and there is no reason to care. Do not bother watching.,negative
This film was an absolute chore to sit through. Boring from beginning to end.,negative
Fantastic movie with a great story and wonderful characters that you really care about. Would watch again.,positive
"A beautiful film that tells an important story with grace, humor, and emotional depth. Highly recommended!",positive
The movie was perfectly paced with excellent performances and a compelling narrative. Great film overall.,positive
Superb acting and a fantastic script make this one of the year's best films. A true classic.,positive
The best movie of the year without a doubt. Everything about it was perfect. Perfect entertainment.,positive
This is a must-watch film. The acting is top-notch and the plot is engaging throughout.,positive
I regret watching this. Two hours of confused storytelling and mediocre performances. Complete waste of money.,negative
The chemistry between the lead actors was electric. A thoroughly enjoyable film. A true classic.,positive
Awful in every way. The director clearly had no idea what kind of movie they wanted to make. Complete waste of money.,negative
"Poor direction, worse acting, and a storyline that made absolutely no sense whatsoever. Do not bother watching.",negative
Terrible script with laughably bad dialogue. The actors seemed embarrassed to say their lines.,negative
One of the most engaging films I have watched in years. Highly recommended to everyone.,positive
One of the worst films I have ever had the misfortune of watching. Boring and poorly made. Do not bother watching.,negative
Absolutely dreadful. The story was incoherent and the characters were completely unlikeable. Truly awful.,negative
The worst movie I have seen this year. Poorly written with terrible performances throughout. Skip this one.,negative
Incredible performances by the entire cast. The story was gripping and emotional. A true classic.,positive
This movie blew me away. The special effects were incredible and the story was riveting.,positive
One of the most boring films ever made. Nothing happens and there is no reason to care.,negative
A masterpiece of modern cinema. The director did an incredible job bringing the story to life.,positive
The best movie of the year without a doubt. Everything about it was perfect.,positive
Incredible performances by the entire cast. The story was gripping and emotional.,positive
"Terrible movie. Bad acting, bad writing, and a complete lack of direction or purpose. Truly awful.",negative
Save your time and avoid this film. It is easily one of the worst of the decade.,negative
I cannot believe how bad this film was. Two hours of my life I will never get back.,negative
One of the best films I have ever seen. The cinematography was breathtaking and the characters were so well developed.,positive
"A complete mess of a movie. Incoherent plot, flat characters, and a truly awful ending.",negative
The chemistry between the lead actors was electric. A thoroughly enjoyable film.,positive
This movie was absolutely fantastic! The acting was superb and the storyline kept me hooked from start to finish.,positive
"Dull, slow, and painfully uninteresting. I fell asleep twice during this movie.",negative
"Poor direction, worse acting, and a storyline that made absolutely no sense whatsoever. Avoid at all costs.",negative
"A complete mess of a movie. Incoherent plot, flat characters, and a truly awful ending. Complete waste of money.",negative
Simply amazing. This movie exceeded all my expectations and left me wanting more. Would watch again.,positive
"The acting was wooden, the dialogue was awful, and the plot had more holes than Swiss cheese.",negative
A masterpiece of modern cinema. The director did an incredible job bringing the story to life.,positive
This was painful to watch. The storyline was nonsensical and the acting was cringe-worthy. Avoid at all costs.,negative
This is a must-watch film. The acting is top-notch and the plot is engaging throughout.,positive
"The acting was wooden, the dialogue was awful, and the plot had more holes than Swiss cheese.",negative
A truly exceptional film. The direction is impeccable and the story is deeply moving. Would watch again.,positive
The movie was perfectly paced with excellent performances and a compelling narrative.,positive
"A beautiful film that tells an important story with grace, humor, and emotional depth. Highly recommended!",positive
"This film is a gem. Smart, funny, and emotionally powerful all at once.",positive
"This film is a gem. Smart, funny, and emotionally powerful all at once. Highly recommended!",positive
"An absolute joy to watch. The film is funny, touching, and brilliantly acted.",positive
"Terrible movie. Bad acting, bad writing, and a complete lack of direction or purpose. Avoid at all costs.",negative
"Poor direction, worse acting, and a storyline that made absolutely no sense whatsoever.",negative
This movie had so much potential but wasted it completely. Deeply disappointing result. Skip this one.,negative
"The special effects looked cheap, the story was weak, and the acting was unconvincing.",negative
Exceptional filmmaking at its finest. A story that will stay with you long after watching.,positive
Absolutely dreadful. The story was incoherent and the characters were completely unlikeable.,negative
Brilliant storytelling with great performances. The movie kept me on the edge of my seat the whole time. Would watch again.,positive
This movie blew me away. The special effects were incredible and the story was riveting. Great film overall.,positive
Save your time and avoid this film. It is easily one of the worst of the decade.,negative
"A beautiful film that tells an important story with grace, humor, and emotional depth.",positive
The chemistry between the lead actors was electric. A thoroughly enjoyable film.,positive
Awful in every way. The director clearly had no idea what kind of movie they wanted to make. Do not bother watching.,negative
"Complete trash. The script was lazy, the acting was poor, and the ending was infuriating. Truly awful.",negative
Awful in every way. The director clearly had no idea what kind of movie they wanted to make. Do not bother watching.,negative
Brilliant storytelling with great performances. The movie kept me on the edge of my seat the whole time. A true classic.,positive
Absolutely dreadful. The story was incoherent and the characters were completely unlikeable. Truly awful.,negative
This movie had so much potential but wasted it completely. Deeply disappointing result. Truly awful.,negative
A truly exceptional film. The direction is impeccable and the story is deeply moving. Perfect entertainment.,positive
Save your time and avoid this film. It is easily one of the worst of the decade.,negative
"Terrible movie. Bad acting, bad writing, and a complete lack of direction or purpose. Complete waste of money.",negative
A truly exceptional film. The direction is impeccable and the story is deeply moving.,positive
"A feel-good movie that delivers on every level. Funny, sweet, and genuinely entertaining.",positive
"A complete mess of a movie. Incoherent plot, flat characters, and a truly awful ending. Skip this one.",negative
"Boring, predictable, and utterly forgettable. A total waste of talented actors.",negative
This film was an absolute chore to sit through. Boring from beginning to end.,negative
This movie was a complete waste of time. The plot made no sense and the acting was terrible.,negative
I wanted to leave the cinema halfway through. This film was a massive disappointment.,negative
"The acting was wooden, the dialogue was awful, and the plot had more holes than Swiss cheese.",negative
"Terrible movie. Bad acting, bad writing, and a complete lack of direction or purpose.",negative
This movie was a complete waste of time. The plot made no sense and the acting was terrible.,negative
A truly exceptional film. The direction is impeccable and the story is deeply moving. Would watch again.,positive
Absolutely dreadful. The story was incoherent and the characters were completely unlikeable. Skip this one.,negative
Terrible script with laughably bad dialogue. The actors seemed embarrassed to say their lines. Avoid at all costs.,negative
The best movie of the year without a doubt. Everything about it was perfect. Perfect entertainment.,positive
The chemistry between the lead actors was electric. A thoroughly enjoyable film.,positive
Brilliant storytelling with great performances. The movie kept me on the edge of my seat the whole time.,positive
The chemistry between the lead actors was electric. A thoroughly enjoyable film. Great film overall.,positive
Loved this movie! Great plot twists and superb acting throughout the entire film.,positive
"A complete mess of a movie. Incoherent plot, flat characters, and a truly awful ending.",negative
The plot was ridiculous and the characters made no sense. I could not connect with anyone.,negative
A total disappointment. Nothing worked in this film and it was painfully slow throughout. Avoid at all costs.,negative
"The special effects looked cheap, the story was weak, and the acting was unconvincing. Do not bother watching.",negative
"An absolute joy to watch. The film is funny, touching, and brilliantly acted. A true classic.",positive
A masterpiece of modern cinema. The director did an incredible job bringing the story to life. A true classic.,positive
Incredible performances by the entire cast. The story was gripping and emotional. A true classic.,positive
"A feel-good movie that delivers on every level. Funny, sweet, and genuinely entertaining. A true classic.",positive
I regret watching this. Two hours of confused storytelling and mediocre performances.,negative
Exceptional filmmaking at its finest. A story that will stay with you long after watching.,positive
"A beautiful film that tells an important story with grace, humor, and emotional depth. Great film overall.",positive
This movie was a complete waste of time. The plot made no sense and the acting was terrible. Complete waste of money.,negative
This movie was a complete waste of time. The plot made no sense and the acting was terrible. Skip this one.,negative
I was completely captivated from the opening scene to the final credits. Truly brilliant.,positive
"Dull, slow, and painfully uninteresting. I fell asleep twice during this movie. Avoid at all costs.",negative
The best movie of the year without a doubt. Everything about it was perfect. Would watch again.,positive
A masterpiece of modern cinema. The director did an incredible job bringing the story to life.,positive
This movie blew me away. The special effects were incredible and the story was riveting. Would watch again.,positive
I wanted to leave the cinema halfway through. This film was a massive disappointment. Truly awful.,negative
One of the most engaging films I have watched in years. Highly recommended to everyone. Perfect entertainment.,positive
Brilliant storytelling with great performances. The movie kept me on the edge of my seat the whole time. Perfect entertainment.,positive
"This film is a gem. Smart, funny, and emotionally powerful all at once.",positive
"A complete mess of a movie. Incoherent plot, flat characters, and a truly awful ending.",negative
This movie was a complete waste of time. The plot made no sense and the acting was terrible.,negative
A truly exceptional film. The direction is impeccable and the story is deeply moving. Perfect entertainment.,positive
The best movie of the year without a doubt. Everything about it was perfect. Perfect entertainment.,positive
Beautifully crafted movie with stunning visuals and an emotional story that resonates deeply.,positive
Save your time and avoid this film. It is easily one of the worst of the decade. Complete waste of money.,negative
"Terrible movie. Bad acting, bad writing, and a complete lack of direction or purpose. Avoid at all costs.",negative
A total disappointment. Nothing worked in this film and it was painfully slow throughout.,negative
I wanted to leave the cinema halfway through. This film was a massive disappointment.,negative
Terrible script with laughably bad dialogue. The actors seemed embarrassed to say their lines. Avoid at all costs.,negative
"The special effects looked cheap, the story was weak, and the acting was unconvincing.",negative
I was completely captivated from the opening scene to the final credits. Truly brilliant. Highly recommended!,positive
One of the worst films I have ever had the misfortune of watching. Boring and poorly made. Do not bother watching.,negative
The chemistry between the lead actors was electric. A thoroughly enjoyable film. Would watch again.,positive
The chemistry between the lead actors was electric. A thoroughly enjoyable film.,positive
This film was an absolute chore to sit through. Boring from beginning to end. Avoid at all costs.,negative
"Terrible movie. Bad acting, bad writing, and a complete lack of direction or purpose. Truly awful.",negative
The chemistry between the lead actors was electric. A thoroughly enjoyable film. Perfect entertainment.,positive
The movie was perfectly paced with excellent performances and a compelling narrative. A true classic.,positive
This movie had so much potential but wasted it completely. Deeply disappointing result. Skip this one.,negative
"Complete trash. The script was lazy, the acting was poor, and the ending was infuriating. Do not bother watching.",negative
This is a must-watch film. The acting is top-notch and the plot is engaging throughout.,positive
"What a wonderful film! Heartfelt, funny, and genuinely moving. I cried at the end. Great film overall.",positive
I loved every minute of this film. The performances were outstanding and the script was brilliant. Great film overall.,positive
The movie was perfectly paced with excellent performances and a compelling narrative. Would watch again.,positive
This movie had so much potential but wasted it completely. Deeply disappointing result.,negative
One of the best films I have ever seen. The cinematography was breathtaking and the characters were so well developed.,positive
This was painful to watch. The storyline was nonsensical and the acting was cringe-worthy.,negative
Exceptional filmmaking at its finest. A story that will stay with you long after watching. Perfect entertainment.,positive
One of the worst films I have ever had the misfortune of watching. Boring and poorly made.,negative
Exceptional filmmaking at its finest. A story that will stay with you long after watching.,positive
Awful in every way. The director clearly had no idea what kind of movie they wanted to make.,negative
Exceptional filmmaking at its finest. A story that will stay with you long after watching. A true classic.,positive
"The acting was wooden, the dialogue was awful, and the plot had more holes than Swiss cheese.",negative
I wanted to leave the cinema halfway through. This film was a massive disappointment. Truly awful.,negative
Brilliant storytelling with great performances. The movie kept me on the edge of my seat the whole time. Highly recommended!,positive
This movie was a complete waste of time. The plot made no sense and the acting was terrible. Do not bother watching.,negative
Brilliant storytelling with great performances. The movie kept me on the edge of my seat the whole time. A true classic.,positive
The chemistry between the lead actors was electric. A thoroughly enjoyable film. Great film overall.,positive
One of the most engaging films I have watched in years. Highly recommended to everyone.,positive
A masterpiece of modern cinema. The director did an incredible job bringing the story to life. Perfect entertainment.,positive
The plot was ridiculous and the characters made no sense. I could not connect with anyone. Truly awful.,negative
Simply amazing. This movie exceeded all my expectations and left me wanting more. Great film overall.,positive
I was completely captivated from the opening scene to the final credits. Truly brilliant.,positive
"The acting was wooden, the dialogue was awful, and the plot had more holes than Swiss cheese. Skip this one.",negative
"Complete trash. The script was lazy, the acting was poor, and the ending was infuriating.",negative
"A beautiful film that tells an important story with grace, humor, and emotional depth. Highly recommended!",positive
The worst movie I have seen this year. Poorly written with terrible performances throughout.,negative
The movie was perfectly paced with excellent performances and a compelling narrative.,positive
Awful in every way. The director clearly had no idea what kind of movie they wanted to make. Complete waste of money.,negative
Incredible performances by the entire cast. The story was gripping and emotional.,positive
A masterpiece of modern cinema. The director did an incredible job bringing the story to life. Perfect entertainment.,positive
One of the most engaging films I have watched in years. Highly recommended to everyone. Perfect entertainment.,positive
One of the worst films I have ever had the misfortune of watching. Boring and poorly made.,negative
One of the most engaging films I have watched in years. Highly recommended to everyone.,positive
This was painful to watch. The storyline was nonsensical and the acting was cringe-worthy.,negative
Fantastic movie with a great story and wonderful characters that you really care about.,positive
A masterpiece of modern cinema. The director did an incredible job bringing the story to life.,positive
"The special effects looked cheap, the story was weak, and the acting was unconvincing. Complete waste of money.",negative
A truly exceptional film. The direction is impeccable and the story is deeply moving. Would watch again.,positive
A truly exceptional film. The direction is impeccable and the story is deeply moving. A true classic.,positive
"The special effects looked cheap, the story was weak, and the acting was unconvincing. Truly awful.",negative
I wanted to leave the cinema halfway through. This film was a massive disappointment. Do not bother watching.,negative
"An absolute joy to watch. The film is funny, touching, and brilliantly acted. Would watch again.",positive
The best movie of the year without a doubt. Everything about it was perfect. Perfect entertainment.,positive
This is a must-watch film. The acting is top-notch and the plot is engaging throughout.,positive
This movie had so much potential but wasted it completely. Deeply disappointing result.,negative
Exceptional filmmaking at its finest. A story that will stay with you long after watching. Perfect entertainment.,positive
Incredible performances by the entire cast. The story was gripping and emotional. Great film overall.,positive
"Terrible movie. Bad acting, bad writing, and a complete lack of direction or purpose. Complete waste of money.",negative
Superb acting and a fantastic script make this one of the year's best films. Would watch again.,positive
The chemistry between the lead actors was electric. A thoroughly enjoyable film.,positive
This was painful to watch. The storyline was nonsensical and the acting was cringe-worthy. Truly awful.,negative
I cannot believe how bad this film was. Two hours of my life I will never get back.,negative
"A beautiful film that tells an important story with grace, humor, and emotional depth. Would watch again.",positive
This film was an absolute chore to sit through. Boring from beginning to end.,negative
This movie had so much potential but wasted it completely. Deeply disappointing result.,negative
Loved this movie! Great plot twists and superb acting throughout the entire film.,positive
I was completely captivated from the opening scene to the final credits. Truly brilliant. Would watch again.,positive
"A feel-good movie that delivers on every level. Funny, sweet, and genuinely entertaining.",positive
"Complete trash. The script was lazy, the acting was poor, and the ending was infuriating. Complete waste of money.",negative
I regret watching this. Two hours of confused storytelling and mediocre performances. Complete waste of money.,negative
I regret watching this. Two hours of confused storytelling and mediocre performances. Truly awful.,negative
"A feel-good movie that delivers on every level. Funny, sweet, and genuinely entertaining.",positive
"A complete mess of a movie. Incoherent plot, flat characters, and a truly awful ending. Complete waste of money.",negative
This was painful to watch. The storyline was nonsensical and the acting was cringe-worthy.,negative
"A beautiful film that tells an important story with grace, humor, and emotional depth. Highly recommended!",positive
One of the most boring films ever made. Nothing happens and there is no reason to care.,negative
A truly exceptional film. The direction is impeccable and the story is deeply moving.,positive
One of the most engaging films I have watched in years. Highly recommended to everyone.,positive
"Terrible movie. Bad acting, bad writing, and a complete lack of direction or purpose.",negative
"Complete trash. The script was lazy, the acting was poor, and the ending was infuriating.",negative
I was completely captivated from the opening scene to the final credits. Truly brilliant. Would watch again.,positive
Exceptional filmmaking at its finest. A story that will stay with you long after watching.,positive
I regret watching this. Two hours of confused storytelling and mediocre performances. Do not bother watching.,negative
"Boring, predictable, and utterly forgettable. A total waste of talented actors.",negative
"An absolute joy to watch. The film is funny, touching, and brilliantly acted.",positive
"This film is a gem. Smart, funny, and emotionally powerful all at once.",positive
"This film is a gem. Smart, funny, and emotionally powerful all at once.",positive
This movie was a complete waste of time. The plot made no sense and the acting was terrible.,negative
"Dull, slow, and painfully uninteresting. I fell asleep twice during this movie. Complete waste of money.",negative
A disaster from start to finish. Nothing about this film worked at any level.,negative
One of the most boring films ever made. Nothing happens and there is no reason to care.,negative
"This film is a gem. Smart, funny, and emotionally powerful all at once.",positive
One of the most boring films ever made. Nothing happens and there is no reason to care. Do not bother watching.,negative
A disaster from start to finish. Nothing about this film worked at any level. Complete waste of money.,negative
"Poor direction, worse acting, and a storyline that made absolutely no sense whatsoever. Avoid at all costs.",negative
Terrible script with laughably bad dialogue. The actors seemed embarrassed to say their lines.,negative
A masterpiece of modern cinema. The director did an incredible job bringing the story to life. A true classic.,positive
I regret watching this. Two hours of confused storytelling and mediocre performances. Skip this one.,negative
"A feel-good movie that delivers on every level. Funny, sweet, and genuinely entertaining.",positive
"A complete mess of a movie. Incoherent plot, flat characters, and a truly awful ending.",negative
Save your time and avoid this film. It is easily one of the worst of the decade. Avoid at all costs.,negative
"A beautiful film that tells an important story with grace, humor, and emotional depth. Would watch again.",positive
Absolutely dreadful. The story was incoherent and the characters were completely unlikeable.,negative
I cannot believe how bad this film was. Two hours of my life I will never get back.,negative
I wanted to leave the cinema halfway through. This film was a massive disappointment.,negative
This is a must-watch film. The acting is top-notch and the plot is engaging throughout. Great film overall.,positive
"Boring, predictable, and utterly forgettable. A total waste of talented actors. Avoid at all costs.",negative
"A complete mess of a movie. Incoherent plot, flat characters, and a truly awful ending. Do not bother watching.",negative
"Boring, predictable, and utterly forgettable. A total waste of talented actors. Complete waste of money.",negative
The worst movie I have seen this year. Poorly written with terrible performances throughout. Truly awful.,negative
This movie blew me away. The special effects were incredible and the story was riveting. Would watch again.,positive
Beautifully crafted movie with stunning visuals and an emotional story that resonates deeply.,positive
A total disappointment. Nothing worked in this film and it was painfully slow throughout.,negative
The worst movie I have seen this year. Poorly written with terrible performances throughout. Do not bother watching.,negative
The movie was perfectly paced with excellent performances and a compelling narrative.,positive
A masterpiece of modern cinema. The director did an incredible job bringing the story to life. Highly recommended!,positive
I cannot believe how bad this film was. Two hours of my life I will never get back.,negative
"The acting was wooden, the dialogue was awful, and the plot had more holes than Swiss cheese. Truly awful.",negative
Simply amazing. This movie exceeded all my expectations and left me wanting more. Perfect entertainment.,positive
I cannot believe how bad this film was. Two hours of my life I will never get back.,negative
I loved every minute of this film. The performances were outstanding and the script was brilliant. A true classic.,positive
The movie was perfectly paced with excellent performances and a compelling narrative.,positive
Fantastic movie with a great story and wonderful characters that you really care about. A true classic.,positive
I was completely captivated from the opening scene to the final credits. Truly brilliant. A true classic.,positive
"Poor direction, worse acting, and a storyline that made absolutely no sense whatsoever.",negative
One of the best films I have ever seen. The cinematography was breathtaking and the characters were so well developed.,positive
One of the most boring films ever made. Nothing happens and there is no reason to care. Do not bother watching.,negative
Superb acting and a fantastic script make this one of the year's best films.,positive
"A feel-good movie that delivers on every level. Funny, sweet, and genuinely entertaining.",positive
"The acting was wooden, the dialogue was awful, and the plot had more holes than Swiss cheese. Do not bother watching.",negative
Save your time and avoid this film. It is easily one of the worst of the decade. Do not bother watching.,negative
The movie was perfectly paced with excellent performances and a compelling narrative.,positive
"A complete mess of a movie. Incoherent plot, flat characters, and a truly awful ending.",negative
"Dull, slow, and painfully uninteresting. I fell asleep twice during this movie.",negative
I was completely captivated from the opening scene to the final credits. Truly brilliant. Perfect entertainment.,positive
Beautifully crafted movie with stunning visuals and an emotional story that resonates deeply. Perfect entertainment.,positive
"Complete trash. The script was lazy, the acting was poor, and the ending was infuriating.",negative
Save your time and avoid this film. It is easily one of the worst of the decade. Avoid at all costs.,negative
Beautifully crafted movie with stunning visuals and an emotional story that resonates deeply.,positive
I loved every minute of this film. The performances were outstanding and the script was brilliant. A true classic.,positive
Simply amazing. This movie exceeded all my expectations and left me wanting more. Highly recommended!,positive
Beautifully crafted movie with stunning visuals and an emotional story that resonates deeply.,positive
"A beautiful film that tells an important story with grace, humor, and emotional depth.",positive
I regret watching this. Two hours of confused storytelling and mediocre performances.,negative
Simply amazing. This movie exceeded all my expectations and left me wanting more.,positive
I was completely captivated from the opening scene to the final credits. Truly brilliant. Perfect entertainment.,positive
One of the worst films I have ever had the misfortune of watching. Boring and poorly made.,negative
Save your time and avoid this film. It is easily one of the worst of the decade. Avoid at all costs.,negative
"The acting was wooden, the dialogue was awful, and the plot had more holes than Swiss cheese.",negative
Exceptional filmmaking at its finest. A story that will stay with you long after watching.,positive
The best movie of the year without a doubt. Everything about it was perfect. Great film overall.,positive
A masterpiece of modern cinema. The director did an incredible job bringing the story to life. Perfect entertainment.,positive
This movie was absolutely fantastic! The acting was superb and the storyline kept me hooked from start to finish.,positive
I loved every minute of this film. The performances were outstanding and the script was brilliant. Great film overall.,positive
Absolutely dreadful. The story was incoherent and the characters were completely unlikeable.,negative
This was painful to watch. The storyline was nonsensical and the acting was cringe-worthy.,negative
A masterpiece of modern cinema. The director did an incredible job bringing the story to life. Perfect entertainment.,positive
"Boring, predictable, and utterly forgettable. A total waste of talented actors.",negative
This film was an absolute chore to sit through. Boring from beginning to end. Avoid at all costs.,negative
This was painful to watch. The storyline was nonsensical and the acting was cringe-worthy. Skip this one.,negative
This movie blew me away. The special effects were incredible and the story was riveting. Great film overall.,positive
One of the most engaging films I have watched in years. Highly recommended to everyone.,positive
This was painful to watch. The storyline was nonsensical and the acting was cringe-worthy. Complete waste of money.,negative
Fantastic movie with a great story and wonderful characters that you really care about.,positive
A disaster from start to finish. Nothing about this film worked at any level.,negative
The plot was ridiculous and the characters made no sense. I could not connect with anyone.,negative
I was completely captivated from the opening scene to the final credits. Truly brilliant. Highly recommended!,positive
Terrible script with laughably bad dialogue. The actors seemed embarrassed to say their lines. Truly awful.,negative
"Dull, slow, and painfully uninteresting. I fell asleep twice during this movie.",negative
One of the most engaging films I have watched in years. Highly recommended to everyone. Highly recommended!,positive
The best movie of the year without a doubt. Everything about it was perfect. Highly recommended!,positive
"A feel-good movie that delivers on every level. Funny, sweet, and genuinely entertaining.",positive
This is a must-watch film. The acting is top-notch and the plot is engaging throughout. A true classic.,positive
"What a wonderful film! Heartfelt, funny, and genuinely moving. I cried at the end.",positive
The chemistry between the lead actors was electric. A thoroughly enjoyable film. Great film overall.,positive
Terrible script with laughably bad dialogue. The actors seemed embarrassed to say their lines.,negative
This was painful to watch. The storyline was nonsensical and the acting was cringe-worthy. Do not bother watching.,negative
"Poor direction, worse acting, and a storyline that made absolutely no sense whatsoever. Skip this one.",negative
Incredible performances by the entire cast. The story was gripping and emotional. A true classic.,positive
"The acting was wooden, the dialogue was awful, and the plot had more holes than Swiss cheese.",negative
"A feel-good movie that delivers on every level. Funny, sweet, and genuinely entertaining.",positive
I cannot believe how bad this film was. Two hours of my life I will never get back.,negative
This movie blew me away. The special effects were incredible and the story was riveting. Perfect entertainment.,positive
"Boring, predictable, and utterly forgettable. A total waste of talented actors. Avoid at all costs.",negative
This movie was absolutely fantastic! The acting was superb and the storyline kept me hooked from start to finish.,positive
A disaster from start to finish. Nothing about this film worked at any level. Do not bother watching.,negative
Loved this movie! Great plot twists and superb acting throughout the entire film.,positive
Absolutely dreadful. The story was incoherent and the characters were completely unlikeable.,negative
One of the most engaging films I have watched in years. Highly recommended to everyone.,positive
The best movie of the year without a doubt. Everything about it was perfect.,positive
This was painful to watch. The storyline was nonsensical and the acting was cringe-worthy. Complete waste of money.,negative
I loved every minute of this film. The performances were outstanding and the script was brilliant. A true classic.,positive
This film was an absolute chore to sit through. Boring from beginning to end.,negative
Absolutely dreadful. The story was incoherent and the characters were completely unlikeable.,negative
"Boring, predictable, and utterly forgettable. A total waste of talented actors. Avoid at all costs.",negative
I regret watching this. Two hours of confused storytelling and mediocre performances. Skip this one.,negative
This was painful to watch. The storyline was nonsensical and the acting was cringe-worthy. Complete waste of money.,negative
One of the most engaging films I have watched in years. Highly recommended to everyone. Highly recommended!,positive
"The acting was wooden, the dialogue was awful, and the plot had more holes than Swiss cheese.",negative
"Dull, slow, and painfully uninteresting. I fell asleep twice during this movie. Complete waste of money.",negative
Exceptional filmmaking at its finest. A story that will stay with you long after watching. Highly recommended!,positive
"A beautiful film that tells an important story with grace, humor, and emotional depth.",positive
The chemistry between the lead actors was electric. A thoroughly enjoyable film. Would watch again.,positive
Terrible script with laughably bad dialogue. The actors seemed embarrassed to say their lines. Complete waste of money.,negative
Simply amazing. This movie exceeded all my expectations and left me wanting more. Great film overall.,positive
"Boring, predictable, and utterly forgettable. A total waste of talented actors.",negative
A truly exceptional film. The direction is impeccable and the story is deeply moving.,positive
This movie had so much potential but wasted it completely. Deeply disappointing result. Avoid at all costs.,negative
I was completely captivated from the opening scene to the final credits. Truly brilliant. Would watch again.,positive
I wanted to leave the cinema halfway through. This film was a massive disappointment.,negative
"This film is a gem. Smart, funny, and emotionally powerful all at once.",positive
Beautifully crafted movie with stunning visuals and an emotional story that resonates deeply.,positive
I regret watching this. Two hours of confused storytelling and mediocre performances.,negative
"What a wonderful film! Heartfelt, funny, and genuinely moving. I cried at the end. A true classic.",positive
I wanted to leave the cinema halfway through. This film was a massive disappointment. Do not bother watching.,negative
Beautifully crafted movie with stunning visuals and an emotional story that resonates deeply.,positive
Awful in every way. The director clearly had no idea what kind of movie they wanted to make. Skip this one.,negative
"Terrible movie. Bad acting, bad writing, and a complete lack of direction or purpose. Do not bother watching.",negative
One of the most engaging films I have watched in years. Highly recommended to everyone. Great film overall.,positive
Simply amazing. This movie exceeded all my expectations and left me wanting more.,positive
One of the most boring films ever made. Nothing happens and there is no reason to care. Do not bother watching.,negative
The movie was perfectly paced with excellent performances and a compelling narrative.,positive
Superb acting and a fantastic script make this one of the year's best films.,positive
A disaster from start to finish. Nothing about this film worked at any level.,negative
Awful in every way. The director clearly had no idea what kind of movie they wanted to make. Complete waste of money.,negative
I cannot believe how bad this film was. Two hours of my life I will never get back.,negative
"The special effects looked cheap, the story was weak, and the acting was unconvincing. Do not bother watching.",negative
"Poor direction, worse acting, and a storyline that made absolutely no sense whatsoever. Truly awful.",negative
"This film is a gem. Smart, funny, and emotionally powerful all at once.",positive
The worst movie I have seen this year. Poorly written with terrible performances throughout.,negative
"This film is a gem. Smart, funny, and emotionally powerful all at once.",positive
"The special effects looked cheap, the story was weak, and the acting was unconvincing.",negative
I loved every minute of this film. The performances were outstanding and the script was brilliant. Would watch again.,positive
"The special effects looked cheap, the story was weak, and the acting was unconvincing. Do not bother watching.",negative
"Boring, predictable, and utterly forgettable. A total waste of talented actors. Truly awful.",negative
Superb acting and a fantastic script make this one of the year's best films. Would watch again.,positive
The worst movie I have seen this year. Poorly written with terrible performances throughout. Avoid at all costs.,negative
Exceptional filmmaking at its finest. A story that will stay with you long after watching.,positive
Awful in every way. The director clearly had no idea what kind of movie they wanted to make.,negative
"An absolute joy to watch. The film is funny, touching, and brilliantly acted. Highly recommended!",positive
The movie was perfectly paced with excellent performances and a compelling narrative.,positive
I cannot believe how bad this film was. Two hours of my life I will never get back.,negative
Superb acting and a fantastic script make this one of the year's best films.,positive
One of the most engaging films I have watched in years. Highly recommended to everyone.,positive
"A complete mess of a movie. Incoherent plot, flat characters, and a truly awful ending.",negative
"A beautiful film that tells an important story with grace, humor, and emotional depth. Highly recommended!",positive
"What a wonderful film! Heartfelt, funny, and genuinely moving. I cried at the end.",positive
Superb acting and a fantastic script make this one of the year's best films. A true classic.,positive
Superb acting and a fantastic script make this one of the year's best films.,positive
The plot was ridiculous and the characters made no sense. I could not connect with anyone.,negative
This movie blew me away. The special effects were incredible and the story was riveting.,positive
A truly exceptional film. The direction is impeccable and the story is deeply moving.,positive
This is a must-watch film. The acting is top-notch and the plot is engaging throughout. Would watch again.,positive
This was painful to watch. The storyline was nonsensical and the acting was cringe-worthy. Skip this one.,negative
"A feel-good movie that delivers on every level. Funny, sweet, and genuinely entertaining.",positive
Absolutely dreadful. The story was incoherent and the characters were completely unlikeable.,negative
Superb acting and a fantastic script make this one of the year's best films. Highly recommended!,positive
"The special effects looked cheap, the story was weak, and the acting was unconvincing. Truly awful.",negative
"Poor direction, worse acting, and a storyline that made absolutely no sense whatsoever.",negative
This movie was a complete waste of time. The plot made no sense and the acting was terrible. Skip this one.,negative
"Poor direction, worse acting, and a storyline that made absolutely no sense whatsoever. Do not bother watching.",negative
A total disappointment. Nothing worked in this film and it was painfully slow throughout.,negative
A masterpiece of modern cinema. The director did an incredible job bringing the story to life. Perfect entertainment.,positive
The chemistry between the lead actors was electric. A thoroughly enjoyable film. Highly recommended!,positive
A masterpiece of modern cinema. The director did an incredible job bringing the story to life.,positive
Terrible script with laughably bad dialogue. The actors seemed embarrassed to say their lines.,negative
"Complete trash. The script was lazy, the acting was poor, and the ending was infuriating. Skip this one.",negative
"The acting was wooden, the dialogue was awful, and the plot had more holes than Swiss cheese.",negative
A disaster from start to finish. Nothing about this film worked at any level. Do not bother watching.,negative
"The acting was wooden, the dialogue was awful, and the plot had more holes than Swiss cheese. Skip this one.",negative
Loved this movie! Great plot twists and superb acting throughout the entire film. Would watch again.,positive
One of the best films I have ever seen. The cinematography was breathtaking and the characters were so well developed. Great film overall.,positive
The chemistry between the lead actors was electric. A thoroughly enjoyable film. Highly recommended!,positive
"Terrible movie. Bad acting, bad writing, and a complete lack of direction or purpose. Avoid at all costs.",negative
I cannot believe how bad this film was. Two hours of my life I will never get back.,negative
Fantastic movie with a great story and wonderful characters that you really care about. Perfect entertainment.,positive
Terrible script with laughably bad dialogue. The actors seemed embarrassed to say their lines.,negative
"The special effects looked cheap, the story was weak, and the acting was unconvincing.",negative
"The acting was wooden, the dialogue was awful, and the plot had more holes than Swiss cheese. Do not bother watching.",negative
